{
  "_cnd": {
    "kind": "pilot_research_release",
    "licence": "CC BY 4.0 for the compiled records; each source carries its own rights_statement.",
    "note": "Research tier: rows have not passed human review. Every feature carries its review_state, and no row here may be cited as established evidence.",
    "release": "cnd-0.1",
    "tier": "research"
  },
  "features": [
    {
      "geometry": {
        "coordinates": [
          23.31,
          45.62
        ],
        "type": "Point"
      },
      "id": "att-0001",
      "properties": {
        "attestation_class": "variant",
        "attestation_class_label": "Variant",
        "confidence": "medium",
        "confidence_label": "Medium",
        "geometry_provenance": "editorial_reconstruction",
        "id": "att-0001",
        "is_silence": false,
        "language": "grc",
        "language_label": "Ancient Greek",
        "locator": "pending",
        "locator_type": "none",
        "name_normalized": "Sarmizegetusa Regia",
        "name_original": "pending",
        "place_id": "plc-sarmizegetusa-regia",
        "place_name": "Sarmizegetusa Regia",
        "place_type": "archaeological_site",
        "region": "transylvania",
        "review_state": "raw",
        "script": "grek",
        "script_label": "Greek",
        "source_date": "c. A.D. 150",
        "source_family": "coordinate_catalogue",
        "source_id": "src-ptolemy-geographia",
        "source_title": "Ptolemaeus",
        "source_year_from": 150,
        "source_year_to": 150,
        "trench": "ccd-a",
        "valid_from": 150,
        "valid_to": 9999
      },
      "type": "Feature"
    },
    {
      "geometry": {
        "coordinates": [
          22.78,
          45.51
        ],
        "type": "Point"
      },
      "id": "att-0002",
      "properties": {
        "attestation_class": "variant",
        "attestation_class_label": "Variant",
        "confidence": "medium",
        "confidence_label": "Medium",
        "geometry_provenance": "editorial_reconstruction",
        "id": "att-0002",
        "is_silence": false,
        "language": "la",
        "language_label": "Latin",
        "locator": "pending",
        "locator_type": "none",
        "name_normalized": "Sarmizegetusa",
        "name_original": "Sarmategte",
        "place_id": "plc-ulpia-traiana-sarmizegetusa",
        "place_name": "Colonia Ulpia Traiana Sarmizegetusa",
        "place_type": "archaeological_site",
        "region": "transylvania",
        "review_state": "raw",
        "script": "latn",
        "script_label": "Latin",
        "source_date": "content c. A.D. 350",
        "source_family": "itinerary",
        "source_id": "src-tabula-peutingeriana",
        "source_title": "Peutingeriana",
        "source_year_from": 350,
        "source_year_to": 350,
        "trench": "ccd-a",
        "valid_from": 350,
        "valid_to": 9999
      },
      "type": "Feature"
    },
    {
      "geometry": {
        "coordinates": [
          22.78,
          45.51
        ],
        "type": "Point"
      },
      "id": "att-0003",
      "properties": {
        "attestation_class": "source_silent",
        "attestation_class_label": "Source silent",
        "confidence": "medium",
        "confidence_label": "Medium",
        "geometry_provenance": "editorial_reconstruction",
        "id": "att-0003",
        "is_silence": true,
        "language": "",
        "language_label": "",
        "locator": "pending",
        "locator_type": "none",
        "name_normalized": "",
        "name_original": "",
        "place_id": "plc-ulpia-traiana-sarmizegetusa",
        "place_name": "Colonia Ulpia Traiana Sarmizegetusa",
        "place_type": "archaeological_site",
        "region": "transylvania",
        "review_state": "raw",
        "script": "",
        "script_label": "",
        "source_date": "c. A.D. 1300",
        "source_family": "mappa_mundi",
        "source_id": "src-hereford-mappa",
        "source_title": "Herefordia",
        "source_year_from": 1300,
        "source_year_to": 1300,
        "trench": "ccd-a",
        "valid_from": 1300,
        "valid_to": 9999
      },
      "type": "Feature"
    },
    {
      "geometry": {
        "coordinates": [
          22.78,
          45.51
        ],
        "type": "Point"
      },
      "id": "att-0004",
      "properties": {
        "attestation_class": "extra_muros",
        "attestation_class_label": "Extra muros",
        "confidence": "high",
        "confidence_label": "High",
        "geometry_provenance": "editorial_reconstruction",
        "id": "att-0004",
        "is_silence": true,
        "language": "",
        "language_label": "",
        "locator": "pending",
        "locator_type": "none",
        "name_normalized": "",
        "name_original": "",
        "place_id": "plc-ulpia-traiana-sarmizegetusa",
        "place_name": "Colonia Ulpia Traiana Sarmizegetusa",
        "place_type": "archaeological_site",
        "region": "transylvania",
        "review_state": "raw",
        "script": "",
        "script_label": "",
        "source_date": "1311",
        "source_family": "portolan",
        "source_id": "src-vesconte-portolan",
        "source_title": "Vesconte",
        "source_year_from": 1311,
        "source_year_to": 1311,
        "trench": "ccd-a",
        "valid_from": 1311,
        "valid_to": 9999
      },
      "type": "Feature"
    },
    {
      "geometry": {
        "coordinates": [
          22.78,
          45.51
        ],
        "type": "Point"
      },
      "id": "att-0005",
      "properties": {
        "attestation_class": "survival_unknown",
        "attestation_class_label": "Survival unknown",
        "confidence": "low",
        "confidence_label": "Low",
        "geometry_provenance": "editorial_reconstruction",
        "id": "att-0005",
        "is_silence": true,
        "language": "",
        "language_label": "",
        "locator": "pending",
        "locator_type": "none",
        "name_normalized": "",
        "name_original": "",
        "place_id": "plc-ulpia-traiana-sarmizegetusa",
        "place_name": "Colonia Ulpia Traiana Sarmizegetusa",
        "place_type": "archaeological_site",
        "region": "transylvania",
        "review_state": "raw",
        "script": "",
        "script_label": "",
        "source_date": "1532",
        "source_family": "regional_print",
        "source_id": "src-honterus-chorographia",
        "source_title": "Honterus",
        "source_year_from": 1532,
        "source_year_to": 1532,
        "trench": "ccd-a",
        "valid_from": 1532,
        "valid_to": 9999
      },
      "type": "Feature"
    },
    {
      "geometry": {
        "coordinates": [
          23.31,
          45.62
        ],
        "type": "Point"
      },
      "id": "att-0006",
      "properties": {
        "attestation_class": "reconstructed",
        "attestation_class_label": "Reconstructed",
        "confidence": "medium",
        "confidence_label": "Medium",
        "geometry_provenance": "editorial_reconstruction",
        "id": "att-0006",
        "is_silence": false,
        "language": "la",
        "language_label": "Latin",
        "locator": "pending",
        "locator_type": "none",
        "name_normalized": "Sarmizegetusa Regia",
        "name_original": "Zarmizegethusa regia",
        "place_id": "plc-sarmizegetusa-regia",
        "place_name": "Sarmizegetusa Regia",
        "place_type": "archaeological_site",
        "region": "transylvania",
        "review_state": "raw",
        "script": "latn",
        "script_label": "Latin",
        "source_date": "1595",
        "source_family": "antiquarian_reconstruction",
        "source_id": "src-ortelius-parergon",
        "source_title": "Ortelius",
        "source_year_from": 1595,
        "source_year_to": 1595,
        "trench": "ccd-a",
        "valid_from": 1595,
        "valid_to": 9999
      },
      "type": "Feature"
    },
    {
      "geometry": {
        "coordinates": [
          22.78,
          45.51
        ],
        "type": "Point"
      },
      "id": "att-0007",
      "properties": {
        "attestation_class": "extra_muros",
        "attestation_class_label": "Extra muros",
        "confidence": "high",
        "confidence_label": "High",
        "geometry_provenance": "editorial_reconstruction",
        "id": "att-0007",
        "is_silence": true,
        "language": "",
        "language_label": "",
        "locator": "pending",
        "locator_type": "none",
        "name_normalized": "",
        "name_original": "",
        "place_id": "plc-ulpia-traiana-sarmizegetusa",
        "place_name": "Colonia Ulpia Traiana Sarmizegetusa",
        "place_type": "archaeological_site",
        "region": "transylvania",
        "review_state": "raw",
        "script": "",
        "script_label": "",
        "source_date": "1700",
        "source_family": "regional_print",
        "source_id": "src-cantacuzino-wallachia",
        "source_title": "Cantacuzino",
        "source_year_from": 1700,
        "source_year_to": 1700,
        "trench": "ccd-a",
        "valid_from": 1700,
        "valid_to": 9999
      },
      "type": "Feature"
    },
    {
      "geometry": {
        "coordinates": [
          22.78,
          45.51
        ],
        "type": "Point"
      },
      "id": "att-0008",
      "properties": {
        "attestation_class": "extra_muros",
        "attestation_class_label": "Extra muros",
        "confidence": "high",
        "confidence_label": "High",
        "geometry_provenance": "editorial_reconstruction",
        "id": "att-0008",
        "is_silence": true,
        "language": "",
        "language_label": "",
        "locator": "pending",
        "locator_type": "none",
        "name_normalized": "",
        "name_original": "",
        "place_id": "plc-ulpia-traiana-sarmizegetusa",
        "place_name": "Colonia Ulpia Traiana Sarmizegetusa",
        "place_type": "archaeological_site",
        "region": "transylvania",
        "review_state": "raw",
        "script": "",
        "script_label": "",
        "source_date": "1716",
        "source_family": "regional_print",
        "source_id": "src-cantemir-moldavia",
        "source_title": "Cantemir",
        "source_year_from": 1716,
        "source_year_to": 1716,
        "trench": "ccd-a",
        "valid_from": 1716,
        "valid_to": 9999
      },
      "type": "Feature"
    },
    {
      "geometry": {
        "coordinates": [
          22.78,
          45.51
        ],
        "type": "Point"
      },
      "id": "att-0009",
      "properties": {
        "attestation_class": "alternative",
        "attestation_class_label": "Alternative",
        "confidence": "medium",
        "confidence_label": "Medium",
        "geometry_provenance": "editorial_reconstruction",
        "id": "att-0009",
        "is_silence": false,
        "language": "hu",
        "language_label": "Hungarian",
        "locator": "pending",
        "locator_type": "none",
        "name_normalized": "Varhely",
        "name_original": "Varhely",
        "place_id": "plc-ulpia-traiana-sarmizegetusa",
        "place_name": "Colonia Ulpia Traiana Sarmizegetusa",
        "place_type": "archaeological_site",
        "region": "transylvania",
        "review_state": "raw",
        "script": "latn",
        "script_label": "Latin",
        "source_date": "1769–1773",
        "source_family": "military_survey",
        "source_id": "src-iosephina-survey",
        "source_title": "Iosephina",
        "source_year_from": 1769,
        "source_year_to": 1773,
        "trench": "ccd-a",
        "valid_from": 1769,
        "valid_to": 9999
      },
      "type": "Feature"
    },
    {
      "geometry": {
        "coordinates": [
          22.78,
          45.51
        ],
        "type": "Point"
      },
      "id": "att-0010",
      "properties": {
        "attestation_class": "extra_muros",
        "attestation_class_label": "Extra muros",
        "confidence": "high",
        "confidence_label": "High",
        "geometry_provenance": "editorial_reconstruction",
        "id": "att-0010",
        "is_silence": true,
        "language": "",
        "language_label": "",
        "locator": "pending",
        "locator_type": "none",
        "name_normalized": "",
        "name_original": "",
        "place_id": "plc-ulpia-traiana-sarmizegetusa",
        "place_name": "Colonia Ulpia Traiana Sarmizegetusa",
        "place_type": "archaeological_site",
        "region": "transylvania",
        "review_state": "raw",
        "script": "",
        "script_label": "",
        "source_date": "1835",
        "source_family": "military_survey",
        "source_id": "src-russian-staff-1835",
        "source_title": "Russia 1835",
        "source_year_from": 1835,
        "source_year_to": 1835,
        "trench": "ccd-a",
        "valid_from": 1835,
        "valid_to": 9999
      },
      "type": "Feature"
    },
    {
      "geometry": {
        "coordinates": [
          22.78,
          45.51
        ],
        "type": "Point"
      },
      "id": "att-0011",
      "properties": {
        "attestation_class": "extra_muros",
        "attestation_class_label": "Extra muros",
        "confidence": "high",
        "confidence_label": "High",
        "geometry_provenance": "editorial_reconstruction",
        "id": "att-0011",
        "is_silence": true,
        "language": "",
        "language_label": "",
        "locator": "pending",
        "locator_type": "none",
        "name_normalized": "",
        "name_original": "",
        "place_id": "plc-ulpia-traiana-sarmizegetusa",
        "place_name": "Colonia Ulpia Traiana Sarmizegetusa",
        "place_type": "archaeological_site",
        "region": "transylvania",
        "review_state": "raw",
        "script": "",
        "script_label": "",
        "source_date": "1864",
        "source_family": "national_survey",
        "source_id": "src-szathmari-charta",
        "source_title": "Szathmári",
        "source_year_from": 1864,
        "source_year_to": 1864,
        "trench": "ccd-a",
        "valid_from": 1864,
        "valid_to": 9999
      },
      "type": "Feature"
    },
    {
      "geometry": {
        "coordinates": [
          23.57,
          46.07
        ],
        "type": "Point"
      },
      "id": "att-0012",
      "properties": {
        "attestation_class": "variant",
        "attestation_class_label": "Variant",
        "confidence": "medium",
        "confidence_label": "Medium",
        "geometry_provenance": "modern_reference",
        "id": "att-0012",
        "is_silence": false,
        "language": "grc",
        "language_label": "Ancient Greek",
        "locator": "pending",
        "locator_type": "none",
        "name_normalized": "Apulum",
        "name_original": "pending",
        "place_id": "plc-apulum",
        "place_name": "Apulum",
        "place_type": "settlement",
        "region": "transylvania",
        "review_state": "raw",
        "script": "grek",
        "script_label": "Greek",
        "source_date": "c. A.D. 150",
        "source_family": "coordinate_catalogue",
        "source_id": "src-ptolemy-geographia",
        "source_title": "Ptolemaeus",
        "source_year_from": 150,
        "source_year_to": 150,
        "trench": "ccd-a",
        "valid_from": 150,
        "valid_to": 9999
      },
      "type": "Feature"
    },
    {
      "geometry": {
        "coordinates": [
          23.57,
          46.07
        ],
        "type": "Point"
      },
      "id": "att-0013",
      "properties": {
        "attestation_class": "variant",
        "attestation_class_label": "Variant",
        "confidence": "medium",
        "confidence_label": "Medium",
        "geometry_provenance": "modern_reference",
        "id": "att-0013",
        "is_silence": false,
        "language": "la",
        "language_label": "Latin",
        "locator": "pending",
        "locator_type": "none",
        "name_normalized": "Apulum",
        "name_original": "Apula",
        "place_id": "plc-apulum",
        "place_name": "Apulum",
        "place_type": "settlement",
        "region": "transylvania",
        "review_state": "raw",
        "script": "latn",
        "script_label": "Latin",
        "source_date": "content c. A.D. 350",
        "source_family": "itinerary",
        "source_id": "src-tabula-peutingeriana",
        "source_title": "Peutingeriana",
        "source_year_from": 350,
        "source_year_to": 350,
        "trench": "ccd-a",
        "valid_from": 350,
        "valid_to": 9999
      },
      "type": "Feature"
    },
    {
      "geometry": {
        "coordinates": [
          23.57,
          46.07
        ],
        "type": "Point"
      },
      "id": "att-0014",
      "properties": {
        "attestation_class": "source_silent",
        "attestation_class_label": "Source silent",
        "confidence": "medium",
        "confidence_label": "Medium",
        "geometry_provenance": "modern_reference",
        "id": "att-0014",
        "is_silence": true,
        "language": "",
        "language_label": "",
        "locator": "pending",
        "locator_type": "none",
        "name_normalized": "",
        "name_original": "",
        "place_id": "plc-apulum",
        "place_name": "Apulum",
        "place_type": "settlement",
        "region": "transylvania",
        "review_state": "raw",
        "script": "",
        "script_label": "",
        "source_date": "c. A.D. 1300",
        "source_family": "mappa_mundi",
        "source_id": "src-hereford-mappa",
        "source_title": "Herefordia",
        "source_year_from": 1300,
        "source_year_to": 1300,
        "trench": "ccd-a",
        "valid_from": 1300,
        "valid_to": 9999
      },
      "type": "Feature"
    },
    {
      "geometry": {
        "coordinates": [
          23.57,
          46.07
        ],
        "type": "Point"
      },
      "id": "att-0015",
      "properties": {
        "attestation_class": "extra_muros",
        "attestation_class_label": "Extra muros",
        "confidence": "high",
        "confidence_label": "High",
        "geometry_provenance": "modern_reference",
        "id": "att-0015",
        "is_silence": true,
        "language": "",
        "language_label": "",
        "locator": "pending",
        "locator_type": "none",
        "name_normalized": "",
        "name_original": "",
        "place_id": "plc-apulum",
        "place_name": "Apulum",
        "place_type": "settlement",
        "region": "transylvania",
        "review_state": "raw",
        "script": "",
        "script_label": "",
        "source_date": "1311",
        "source_family": "portolan",
        "source_id": "src-vesconte-portolan",
        "source_title": "Vesconte",
        "source_year_from": 1311,
        "source_year_to": 1311,
        "trench": "ccd-a",
        "valid_from": 1311,
        "valid_to": 9999
      },
      "type": "Feature"
    },
    {
      "geometry": {
        "coordinates": [
          23.57,
          46.07
        ],
        "type": "Point"
      },
      "id": "att-0016",
      "properties": {
        "attestation_class": "alternative",
        "attestation_class_label": "Alternative",
        "confidence": "medium",
        "confidence_label": "Medium",
        "geometry_provenance": "modern_reference",
        "id": "att-0016",
        "is_silence": false,
        "language": "de",
        "language_label": "German",
        "locator": "pending",
        "locator_type": "none",
        "name_normalized": "Weissenburg",
        "name_original": "Weissenburg",
        "place_id": "plc-apulum",
        "place_name": "Apulum",
        "place_type": "settlement",
        "region": "transylvania",
        "review_state": "raw",
        "script": "latn",
        "script_label": "Latin",
        "source_date": "1532",
        "source_family": "regional_print",
        "source_id": "src-honterus-chorographia",
        "source_title": "Honterus",
        "source_year_from": 1532,
        "source_year_to": 1532,
        "trench": "ccd-a",
        "valid_from": 1532,
        "valid_to": 9999
      },
      "type": "Feature"
    },
    {
      "geometry": {
        "coordinates": [
          23.57,
          46.07
        ],
        "type": "Point"
      },
      "id": "att-0017",
      "properties": {
        "attestation_class": "reconstructed",
        "attestation_class_label": "Reconstructed",
        "confidence": "medium",
        "confidence_label": "Medium",
        "geometry_provenance": "modern_reference",
        "id": "att-0017",
        "is_silence": false,
        "language": "la",
        "language_label": "Latin",
        "locator": "pending",
        "locator_type": "none",
        "name_normalized": "Apulum",
        "name_original": "Apulum",
        "place_id": "plc-apulum",
        "place_name": "Apulum",
        "place_type": "settlement",
        "region": "transylvania",
        "review_state": "raw",
        "script": "latn",
        "script_label": "Latin",
        "source_date": "1595",
        "source_family": "antiquarian_reconstruction",
        "source_id": "src-ortelius-parergon",
        "source_title": "Ortelius",
        "source_year_from": 1595,
        "source_year_to": 1595,
        "trench": "ccd-a",
        "valid_from": 1595,
        "valid_to": 9999
      },
      "type": "Feature"
    },
    {
      "geometry": {
        "coordinates": [
          23.57,
          46.07
        ],
        "type": "Point"
      },
      "id": "att-0018",
      "properties": {
        "attestation_class": "extra_muros",
        "attestation_class_label": "Extra muros",
        "confidence": "high",
        "confidence_label": "High",
        "geometry_provenance": "modern_reference",
        "id": "att-0018",
        "is_silence": true,
        "language": "",
        "language_label": "",
        "locator": "pending",
        "locator_type": "none",
        "name_normalized": "",
        "name_original": "",
        "place_id": "plc-apulum",
        "place_name": "Apulum",
        "place_type": "settlement",
        "region": "transylvania",
        "review_state": "raw",
        "script": "",
        "script_label": "",
        "source_date": "1700",
        "source_family": "regional_print",
        "source_id": "src-cantacuzino-wallachia",
        "source_title": "Cantacuzino",
        "source_year_from": 1700,
        "source_year_to": 1700,
        "trench": "ccd-a",
        "valid_from": 1700,
        "valid_to": 9999
      },
      "type": "Feature"
    },
    {
      "geometry": {
        "coordinates": [
          23.57,
          46.07
        ],
        "type": "Point"
      },
      "id": "att-0019",
      "properties": {
        "attestation_class": "extra_muros",
        "attestation_class_label": "Extra muros",
        "confidence": "high",
        "confidence_label": "High",
        "geometry_provenance": "modern_reference",
        "id": "att-0019",
        "is_silence": true,
        "language": "",
        "language_label": "",
        "locator": "pending",
        "locator_type": "none",
        "name_normalized": "",
        "name_original": "",
        "place_id": "plc-apulum",
        "place_name": "Apulum",
        "place_type": "settlement",
        "region": "transylvania",
        "review_state": "raw",
        "script": "",
        "script_label": "",
        "source_date": "1716",
        "source_family": "regional_print",
        "source_id": "src-cantemir-moldavia",
        "source_title": "Cantemir",
        "source_year_from": 1716,
        "source_year_to": 1716,
        "trench": "ccd-a",
        "valid_from": 1716,
        "valid_to": 9999
      },
      "type": "Feature"
    },
    {
      "geometry": {
        "coordinates": [
          23.57,
          46.07
        ],
        "type": "Point"
      },
      "id": "att-0020",
      "properties": {
        "attestation_class": "exact",
        "attestation_class_label": "Exact",
        "confidence": "medium",
        "confidence_label": "Medium",
        "geometry_provenance": "modern_reference",
        "id": "att-0020",
        "is_silence": false,
        "language": "de",
        "language_label": "German",
        "locator": "pending",
        "locator_type": "none",
        "name_normalized": "Karlsburg",
        "name_original": "Karlsburg",
        "place_id": "plc-apulum",
        "place_name": "Apulum",
        "place_type": "settlement",
        "region": "transylvania",
        "review_state": "raw",
        "script": "latn",
        "script_label": "Latin",
        "source_date": "1769–1773",
        "source_family": "military_survey",
        "source_id": "src-iosephina-survey",
        "source_title": "Iosephina",
        "source_year_from": 1769,
        "source_year_to": 1773,
        "trench": "ccd-a",
        "valid_from": 1769,
        "valid_to": 9999
      },
      "type": "Feature"
    },
    {
      "geometry": {
        "coordinates": [
          23.57,
          46.07
        ],
        "type": "Point"
      },
      "id": "att-0021",
      "properties": {
        "attestation_class": "extra_muros",
        "attestation_class_label": "Extra muros",
        "confidence": "high",
        "confidence_label": "High",
        "geometry_provenance": "modern_reference",
        "id": "att-0021",
        "is_silence": true,
        "language": "",
        "language_label": "",
        "locator": "pending",
        "locator_type": "none",
        "name_normalized": "",
        "name_original": "",
        "place_id": "plc-apulum",
        "place_name": "Apulum",
        "place_type": "settlement",
        "region": "transylvania",
        "review_state": "raw",
        "script": "",
        "script_label": "",
        "source_date": "1835",
        "source_family": "military_survey",
        "source_id": "src-russian-staff-1835",
        "source_title": "Russia 1835",
        "source_year_from": 1835,
        "source_year_to": 1835,
        "trench": "ccd-a",
        "valid_from": 1835,
        "valid_to": 9999
      },
      "type": "Feature"
    },
    {
      "geometry": {
        "coordinates": [
          23.57,
          46.07
        ],
        "type": "Point"
      },
      "id": "att-0022",
      "properties": {
        "attestation_class": "extra_muros",
        "attestation_class_label": "Extra muros",
        "confidence": "high",
        "confidence_label": "High",
        "geometry_provenance": "modern_reference",
        "id": "att-0022",
        "is_silence": true,
        "language": "",
        "language_label": "",
        "locator": "pending",
        "locator_type": "none",
        "name_normalized": "",
        "name_original": "",
        "place_id": "plc-apulum",
        "place_name": "Apulum",
        "place_type": "settlement",
        "region": "transylvania",
        "review_state": "raw",
        "script": "",
        "script_label": "",
        "source_date": "1864",
        "source_family": "national_survey",
        "source_id": "src-szathmari-charta",
        "source_title": "Szathmári",
        "source_year_from": 1864,
        "source_year_to": 1864,
        "trench": "ccd-a",
        "valid_from": 1864,
        "valid_to": 9999
      },
      "type": "Feature"
    },
    {
      "geometry": {
        "coordinates": [
          23.6,
          46.77
        ],
        "type": "Point"
      },
      "id": "att-0023",
      "properties": {
        "attestation_class": "variant",
        "attestation_class_label": "Variant",
        "confidence": "medium",
        "confidence_label": "Medium",
        "geometry_provenance": "modern_reference",
        "id": "att-0023",
        "is_silence": false,
        "language": "grc",
        "language_label": "Ancient Greek",
        "locator": "pending",
        "locator_type": "none",
        "name_normalized": "Napoca",
        "name_original": "pending",
        "place_id": "plc-napoca",
        "place_name": "Napoca",
        "place_type": "settlement",
        "region": "transylvania",
        "review_state": "raw",
        "script": "grek",
        "script_label": "Greek",
        "source_date": "c. A.D. 150",
        "source_family": "coordinate_catalogue",
        "source_id": "src-ptolemy-geographia",
        "source_title": "Ptolemaeus",
        "source_year_from": 150,
        "source_year_to": 150,
        "trench": "ccd-a",
        "valid_from": 150,
        "valid_to": 9999
      },
      "type": "Feature"
    },
    {
      "geometry": {
        "coordinates": [
          23.6,
          46.77
        ],
        "type": "Point"
      },
      "id": "att-0024",
      "properties": {
        "attestation_class": "exact",
        "attestation_class_label": "Exact",
        "confidence": "medium",
        "confidence_label": "Medium",
        "geometry_provenance": "modern_reference",
        "id": "att-0024",
        "is_silence": false,
        "language": "la",
        "language_label": "Latin",
        "locator": "pending",
        "locator_type": "none",
        "name_normalized": "Napoca",
        "name_original": "Napoca",
        "place_id": "plc-napoca",
        "place_name": "Napoca",
        "place_type": "settlement",
        "region": "transylvania",
        "review_state": "raw",
        "script": "latn",
        "script_label": "Latin",
        "source_date": "content c. A.D. 350",
        "source_family": "itinerary",
        "source_id": "src-tabula-peutingeriana",
        "source_title": "Peutingeriana",
        "source_year_from": 350,
        "source_year_to": 350,
        "trench": "ccd-a",
        "valid_from": 350,
        "valid_to": 9999
      },
      "type": "Feature"
    },
    {
      "geometry": {
        "coordinates": [
          23.6,
          46.77
        ],
        "type": "Point"
      },
      "id": "att-0025",
      "properties": {
        "attestation_class": "source_silent",
        "attestation_class_label": "Source silent",
        "confidence": "medium",
        "confidence_label": "Medium",
        "geometry_provenance": "modern_reference",
        "id": "att-0025",
        "is_silence": true,
        "language": "",
        "language_label": "",
        "locator": "pending",
        "locator_type": "none",
        "name_normalized": "",
        "name_original": "",
        "place_id": "plc-napoca",
        "place_name": "Napoca",
        "place_type": "settlement",
        "region": "transylvania",
        "review_state": "raw",
        "script": "",
        "script_label": "",
        "source_date": "c. A.D. 1300",
        "source_family": "mappa_mundi",
        "source_id": "src-hereford-mappa",
        "source_title": "Herefordia",
        "source_year_from": 1300,
        "source_year_to": 1300,
        "trench": "ccd-a",
        "valid_from": 1300,
        "valid_to": 9999
      },
      "type": "Feature"
    },
    {
      "geometry": {
        "coordinates": [
          23.6,
          46.77
        ],
        "type": "Point"
      },
      "id": "att-0026",
      "properties": {
        "attestation_class": "extra_muros",
        "attestation_class_label": "Extra muros",
        "confidence": "high",
        "confidence_label": "High",
        "geometry_provenance": "modern_reference",
        "id": "att-0026",
        "is_silence": true,
        "language": "",
        "language_label": "",
        "locator": "pending",
        "locator_type": "none",
        "name_normalized": "",
        "name_original": "",
        "place_id": "plc-napoca",
        "place_name": "Napoca",
        "place_type": "settlement",
        "region": "transylvania",
        "review_state": "raw",
        "script": "",
        "script_label": "",
        "source_date": "1311",
        "source_family": "portolan",
        "source_id": "src-vesconte-portolan",
        "source_title": "Vesconte",
        "source_year_from": 1311,
        "source_year_to": 1311,
        "trench": "ccd-a",
        "valid_from": 1311,
        "valid_to": 9999
      },
      "type": "Feature"
    },
    {
      "geometry": {
        "coordinates": [
          23.6,
          46.77
        ],
        "type": "Point"
      },
      "id": "att-0027",
      "properties": {
        "attestation_class": "alternative",
        "attestation_class_label": "Alternative",
        "confidence": "medium",
        "confidence_label": "Medium",
        "geometry_provenance": "modern_reference",
        "id": "att-0027",
        "is_silence": false,
        "language": "de",
        "language_label": "German",
        "locator": "pending",
        "locator_type": "none",
        "name_normalized": "Klausenburg",
        "name_original": "Clausenburg",
        "place_id": "plc-napoca",
        "place_name": "Napoca",
        "place_type": "settlement",
        "region": "transylvania",
        "review_state": "raw",
        "script": "latn",
        "script_label": "Latin",
        "source_date": "1532",
        "source_family": "regional_print",
        "source_id": "src-honterus-chorographia",
        "source_title": "Honterus",
        "source_year_from": 1532,
        "source_year_to": 1532,
        "trench": "ccd-a",
        "valid_from": 1532,
        "valid_to": 9999
      },
      "type": "Feature"
    },
    {
      "geometry": {
        "coordinates": [
          23.6,
          46.77
        ],
        "type": "Point"
      },
      "id": "att-0028",
      "properties": {
        "attestation_class": "reconstructed",
        "attestation_class_label": "Reconstructed",
        "confidence": "medium",
        "confidence_label": "Medium",
        "geometry_provenance": "modern_reference",
        "id": "att-0028",
        "is_silence": false,
        "language": "la",
        "language_label": "Latin",
        "locator": "pending",
        "locator_type": "none",
        "name_normalized": "Napoca",
        "name_original": "Napoca",
        "place_id": "plc-napoca",
        "place_name": "Napoca",
        "place_type": "settlement",
        "region": "transylvania",
        "review_state": "raw",
        "script": "latn",
        "script_label": "Latin",
        "source_date": "1595",
        "source_family": "antiquarian_reconstruction",
        "source_id": "src-ortelius-parergon",
        "source_title": "Ortelius",
        "source_year_from": 1595,
        "source_year_to": 1595,
        "trench": "ccd-a",
        "valid_from": 1595,
        "valid_to": 9999
      },
      "type": "Feature"
    },
    {
      "geometry": {
        "coordinates": [
          23.6,
          46.77
        ],
        "type": "Point"
      },
      "id": "att-0029",
      "properties": {
        "attestation_class": "extra_muros",
        "attestation_class_label": "Extra muros",
        "confidence": "high",
        "confidence_label": "High",
        "geometry_provenance": "modern_reference",
        "id": "att-0029",
        "is_silence": true,
        "language": "",
        "language_label": "",
        "locator": "pending",
        "locator_type": "none",
        "name_normalized": "",
        "name_original": "",
        "place_id": "plc-napoca",
        "place_name": "Napoca",
        "place_type": "settlement",
        "region": "transylvania",
        "review_state": "raw",
        "script": "",
        "script_label": "",
        "source_date": "1700",
        "source_family": "regional_print",
        "source_id": "src-cantacuzino-wallachia",
        "source_title": "Cantacuzino",
        "source_year_from": 1700,
        "source_year_to": 1700,
        "trench": "ccd-a",
        "valid_from": 1700,
        "valid_to": 9999
      },
      "type": "Feature"
    },
    {
      "geometry": {
        "coordinates": [
          23.6,
          46.77
        ],
        "type": "Point"
      },
      "id": "att-0030",
      "properties": {
        "attestation_class": "extra_muros",
        "attestation_class_label": "Extra muros",
        "confidence": "high",
        "confidence_label": "High",
        "geometry_provenance": "modern_reference",
        "id": "att-0030",
        "is_silence": true,
        "language": "",
        "language_label": "",
        "locator": "pending",
        "locator_type": "none",
        "name_normalized": "",
        "name_original": "",
        "place_id": "plc-napoca",
        "place_name": "Napoca",
        "place_type": "settlement",
        "region": "transylvania",
        "review_state": "raw",
        "script": "",
        "script_label": "",
        "source_date": "1716",
        "source_family": "regional_print",
        "source_id": "src-cantemir-moldavia",
        "source_title": "Cantemir",
        "source_year_from": 1716,
        "source_year_to": 1716,
        "trench": "ccd-a",
        "valid_from": 1716,
        "valid_to": 9999
      },
      "type": "Feature"
    },
    {
      "geometry": {
        "coordinates": [
          23.6,
          46.77
        ],
        "type": "Point"
      },
      "id": "att-0031",
      "properties": {
        "attestation_class": "alternative",
        "attestation_class_label": "Alternative",
        "confidence": "medium",
        "confidence_label": "Medium",
        "geometry_provenance": "modern_reference",
        "id": "att-0031",
        "is_silence": false,
        "language": "de",
        "language_label": "German",
        "locator": "pending",
        "locator_type": "none",
        "name_normalized": "Klausenburg",
        "name_original": "Klausenburg",
        "place_id": "plc-napoca",
        "place_name": "Napoca",
        "place_type": "settlement",
        "region": "transylvania",
        "review_state": "raw",
        "script": "latn",
        "script_label": "Latin",
        "source_date": "1769–1773",
        "source_family": "military_survey",
        "source_id": "src-iosephina-survey",
        "source_title": "Iosephina",
        "source_year_from": 1769,
        "source_year_to": 1773,
        "trench": "ccd-a",
        "valid_from": 1769,
        "valid_to": 9999
      },
      "type": "Feature"
    },
    {
      "geometry": {
        "coordinates": [
          23.6,
          46.77
        ],
        "type": "Point"
      },
      "id": "att-0032",
      "properties": {
        "attestation_class": "alternative",
        "attestation_class_label": "Alternative",
        "confidence": "medium",
        "confidence_label": "Medium",
        "geometry_provenance": "modern_reference",
        "id": "att-0032",
        "is_silence": false,
        "language": "hu",
        "language_label": "Hungarian",
        "locator": "pending",
        "locator_type": "none",
        "name_normalized": "Kolozsvar",
        "name_original": "Kolozsvar",
        "place_id": "plc-napoca",
        "place_name": "Napoca",
        "place_type": "settlement",
        "region": "transylvania",
        "review_state": "raw",
        "script": "latn",
        "script_label": "Latin",
        "source_date": "1769–1773",
        "source_family": "military_survey",
        "source_id": "src-iosephina-survey",
        "source_title": "Iosephina",
        "source_year_from": 1769,
        "source_year_to": 1773,
        "trench": "ccd-a",
        "valid_from": 1769,
        "valid_to": 9999
      },
      "type": "Feature"
    },
    {
      "geometry": {
        "coordinates": [
          23.6,
          46.77
        ],
        "type": "Point"
      },
      "id": "att-0033",
      "properties": {
        "attestation_class": "extra_muros",
        "attestation_class_label": "Extra muros",
        "confidence": "high",
        "confidence_label": "High",
        "geometry_provenance": "modern_reference",
        "id": "att-0033",
        "is_silence": true,
        "language": "",
        "language_label": "",
        "locator": "pending",
        "locator_type": "none",
        "name_normalized": "",
        "name_original": "",
        "place_id": "plc-napoca",
        "place_name": "Napoca",
        "place_type": "settlement",
        "region": "transylvania",
        "review_state": "raw",
        "script": "",
        "script_label": "",
        "source_date": "1835",
        "source_family": "military_survey",
        "source_id": "src-russian-staff-1835",
        "source_title": "Russia 1835",
        "source_year_from": 1835,
        "source_year_to": 1835,
        "trench": "ccd-a",
        "valid_from": 1835,
        "valid_to": 9999
      },
      "type": "Feature"
    },
    {
      "geometry": {
        "coordinates": [
          23.6,
          46.77
        ],
        "type": "Point"
      },
      "id": "att-0034",
      "properties": {
        "attestation_class": "extra_muros",
        "attestation_class_label": "Extra muros",
        "confidence": "high",
        "confidence_label": "High",
        "geometry_provenance": "modern_reference",
        "id": "att-0034",
        "is_silence": true,
        "language": "",
        "language_label": "",
        "locator": "pending",
        "locator_type": "none",
        "name_normalized": "",
        "name_original": "",
        "place_id": "plc-napoca",
        "place_name": "Napoca",
        "place_type": "settlement",
        "region": "transylvania",
        "review_state": "raw",
        "script": "",
        "script_label": "",
        "source_date": "1864",
        "source_family": "national_survey",
        "source_id": "src-szathmari-charta",
        "source_title": "Szathmári",
        "source_year_from": 1864,
        "source_year_to": 1864,
        "trench": "ccd-a",
        "valid_from": 1864,
        "valid_to": 9999
      },
      "type": "Feature"
    },
    {
      "geometry": {
        "coordinates": [
          22.66,
          44.63
        ],
        "type": "Point"
      },
      "id": "att-0035",
      "properties": {
        "attestation_class": "source_silent",
        "attestation_class_label": "Source silent",
        "confidence": "low",
        "confidence_label": "Low",
        "geometry_provenance": "modern_reference",
        "id": "att-0035",
        "is_silence": true,
        "language": "",
        "language_label": "",
        "locator": "pending",
        "locator_type": "none",
        "name_normalized": "",
        "name_original": "",
        "place_id": "plc-drobeta",
        "place_name": "Drobeta",
        "place_type": "crossing",
        "region": "oltenia",
        "review_state": "raw",
        "script": "",
        "script_label": "",
        "source_date": "c. A.D. 150",
        "source_family": "coordinate_catalogue",
        "source_id": "src-ptolemy-geographia",
        "source_title": "Ptolemaeus",
        "source_year_from": 150,
        "source_year_to": 150,
        "trench": "ccd-a",
        "valid_from": 150,
        "valid_to": 9999
      },
      "type": "Feature"
    },
    {
      "geometry": {
        "coordinates": [
          22.66,
          44.63
        ],
        "type": "Point"
      },
      "id": "att-0036",
      "properties": {
        "attestation_class": "variant",
        "attestation_class_label": "Variant",
        "confidence": "medium",
        "confidence_label": "Medium",
        "geometry_provenance": "modern_reference",
        "id": "att-0036",
        "is_silence": false,
        "language": "la",
        "language_label": "Latin",
        "locator": "pending",
        "locator_type": "none",
        "name_normalized": "Drobeta",
        "name_original": "Drubetis",
        "place_id": "plc-drobeta",
        "place_name": "Drobeta",
        "place_type": "crossing",
        "region": "oltenia",
        "review_state": "raw",
        "script": "latn",
        "script_label": "Latin",
        "source_date": "content c. A.D. 350",
        "source_family": "itinerary",
        "source_id": "src-tabula-peutingeriana",
        "source_title": "Peutingeriana",
        "source_year_from": 350,
        "source_year_to": 350,
        "trench": "ccd-a",
        "valid_from": 350,
        "valid_to": 9999
      },
      "type": "Feature"
    },
    {
      "geometry": {
        "coordinates": [
          22.66,
          44.63
        ],
        "type": "Point"
      },
      "id": "att-0037",
      "properties": {
        "attestation_class": "source_silent",
        "attestation_class_label": "Source silent",
        "confidence": "medium",
        "confidence_label": "Medium",
        "geometry_provenance": "modern_reference",
        "id": "att-0037",
        "is_silence": true,
        "language": "",
        "language_label": "",
        "locator": "pending",
        "locator_type": "none",
        "name_normalized": "",
        "name_original": "",
        "place_id": "plc-drobeta",
        "place_name": "Drobeta",
        "place_type": "crossing",
        "region": "oltenia",
        "review_state": "raw",
        "script": "",
        "script_label": "",
        "source_date": "c. A.D. 1300",
        "source_family": "mappa_mundi",
        "source_id": "src-hereford-mappa",
        "source_title": "Herefordia",
        "source_year_from": 1300,
        "source_year_to": 1300,
        "trench": "ccd-a",
        "valid_from": 1300,
        "valid_to": 9999
      },
      "type": "Feature"
    },
    {
      "geometry": {
        "coordinates": [
          22.66,
          44.63
        ],
        "type": "Point"
      },
      "id": "att-0038",
      "properties": {
        "attestation_class": "extra_muros",
        "attestation_class_label": "Extra muros",
        "confidence": "high",
        "confidence_label": "High",
        "geometry_provenance": "modern_reference",
        "id": "att-0038",
        "is_silence": true,
        "language": "",
        "language_label": "",
        "locator": "pending",
        "locator_type": "none",
        "name_normalized": "",
        "name_original": "",
        "place_id": "plc-drobeta",
        "place_name": "Drobeta",
        "place_type": "crossing",
        "region": "oltenia",
        "review_state": "raw",
        "script": "",
        "script_label": "",
        "source_date": "1311",
        "source_family": "portolan",
        "source_id": "src-vesconte-portolan",
        "source_title": "Vesconte",
        "source_year_from": 1311,
        "source_year_to": 1311,
        "trench": "ccd-a",
        "valid_from": 1311,
        "valid_to": 9999
      },
      "type": "Feature"
    },
    {
      "geometry": {
        "coordinates": [
          22.66,
          44.63
        ],
        "type": "Point"
      },
      "id": "att-0039",
      "properties": {
        "attestation_class": "extra_muros",
        "attestation_class_label": "Extra muros",
        "confidence": "high",
        "confidence_label": "High",
        "geometry_provenance": "modern_reference",
        "id": "att-0039",
        "is_silence": true,
        "language": "",
        "language_label": "",
        "locator": "pending",
        "locator_type": "none",
        "name_normalized": "",
        "name_original": "",
        "place_id": "plc-drobeta",
        "place_name": "Drobeta",
        "place_type": "crossing",
        "region": "oltenia",
        "review_state": "raw",
        "script": "",
        "script_label": "",
        "source_date": "1532",
        "source_family": "regional_print",
        "source_id": "src-honterus-chorographia",
        "source_title": "Honterus",
        "source_year_from": 1532,
        "source_year_to": 1532,
        "trench": "ccd-a",
        "valid_from": 1532,
        "valid_to": 9999
      },
      "type": "Feature"
    },
    {
      "geometry": {
        "coordinates": [
          22.66,
          44.63
        ],
        "type": "Point"
      },
      "id": "att-0040",
      "properties": {
        "attestation_class": "reconstructed",
        "attestation_class_label": "Reconstructed",
        "confidence": "medium",
        "confidence_label": "Medium",
        "geometry_provenance": "modern_reference",
        "id": "att-0040",
        "is_silence": false,
        "language": "la",
        "language_label": "Latin",
        "locator": "pending",
        "locator_type": "none",
        "name_normalized": "Drobeta",
        "name_original": "Drubetis",
        "place_id": "plc-drobeta",
        "place_name": "Drobeta",
        "place_type": "crossing",
        "region": "oltenia",
        "review_state": "raw",
        "script": "latn",
        "script_label": "Latin",
        "source_date": "1595",
        "source_family": "antiquarian_reconstruction",
        "source_id": "src-ortelius-parergon",
        "source_title": "Ortelius",
        "source_year_from": 1595,
        "source_year_to": 1595,
        "trench": "ccd-a",
        "valid_from": 1595,
        "valid_to": 9999
      },
      "type": "Feature"
    },
    {
      "geometry": {
        "coordinates": [
          22.66,
          44.63
        ],
        "type": "Point"
      },
      "id": "att-0041",
      "properties": {
        "attestation_class": "alternative",
        "attestation_class_label": "Alternative",
        "confidence": "medium",
        "confidence_label": "Medium",
        "geometry_provenance": "modern_reference",
        "id": "att-0041",
        "is_silence": false,
        "language": "ro",
        "language_label": "Romanian",
        "locator": "pending",
        "locator_type": "none",
        "name_normalized": "Severin",
        "name_original": "Severin",
        "place_id": "plc-drobeta",
        "place_name": "Drobeta",
        "place_type": "crossing",
        "region": "oltenia",
        "review_state": "raw",
        "script": "latn",
        "script_label": "Latin",
        "source_date": "1700",
        "source_family": "regional_print",
        "source_id": "src-cantacuzino-wallachia",
        "source_title": "Cantacuzino",
        "source_year_from": 1700,
        "source_year_to": 1700,
        "trench": "ccd-a",
        "valid_from": 1700,
        "valid_to": 9999
      },
      "type": "Feature"
    },
    {
      "geometry": {
        "coordinates": [
          22.66,
          44.63
        ],
        "type": "Point"
      },
      "id": "att-0042",
      "properties": {
        "attestation_class": "extra_muros",
        "attestation_class_label": "Extra muros",
        "confidence": "high",
        "confidence_label": "High",
        "geometry_provenance": "modern_reference",
        "id": "att-0042",
        "is_silence": true,
        "language": "",
        "language_label": "",
        "locator": "pending",
        "locator_type": "none",
        "name_normalized": "",
        "name_original": "",
        "place_id": "plc-drobeta",
        "place_name": "Drobeta",
        "place_type": "crossing",
        "region": "oltenia",
        "review_state": "raw",
        "script": "",
        "script_label": "",
        "source_date": "1716",
        "source_family": "regional_print",
        "source_id": "src-cantemir-moldavia",
        "source_title": "Cantemir",
        "source_year_from": 1716,
        "source_year_to": 1716,
        "trench": "ccd-a",
        "valid_from": 1716,
        "valid_to": 9999
      },
      "type": "Feature"
    },
    {
      "geometry": {
        "coordinates": [
          22.66,
          44.63
        ],
        "type": "Point"
      },
      "id": "att-0043",
      "properties": {
        "attestation_class": "extra_muros",
        "attestation_class_label": "Extra muros",
        "confidence": "high",
        "confidence_label": "High",
        "geometry_provenance": "modern_reference",
        "id": "att-0043",
        "is_silence": true,
        "language": "",
        "language_label": "",
        "locator": "pending",
        "locator_type": "none",
        "name_normalized": "",
        "name_original": "",
        "place_id": "plc-drobeta",
        "place_name": "Drobeta",
        "place_type": "crossing",
        "region": "oltenia",
        "review_state": "raw",
        "script": "",
        "script_label": "",
        "source_date": "1769–1773",
        "source_family": "military_survey",
        "source_id": "src-iosephina-survey",
        "source_title": "Iosephina",
        "source_year_from": 1769,
        "source_year_to": 1773,
        "trench": "ccd-a",
        "valid_from": 1769,
        "valid_to": 9999
      },
      "type": "Feature"
    },
    {
      "geometry": {
        "coordinates": [
          22.66,
          44.63
        ],
        "type": "Point"
      },
      "id": "att-0044",
      "properties": {
        "attestation_class": "exact",
        "attestation_class_label": "Exact",
        "confidence": "low",
        "confidence_label": "Low",
        "geometry_provenance": "modern_reference",
        "id": "att-0044",
        "is_silence": false,
        "language": "ro",
        "language_label": "Romanian",
        "locator": "pending",
        "locator_type": "none",
        "name_normalized": "Turnu Severin",
        "name_original": "Turnu Severin",
        "place_id": "plc-drobeta",
        "place_name": "Drobeta",
        "place_type": "crossing",
        "region": "oltenia",
        "review_state": "raw",
        "script": "latn",
        "script_label": "Latin",
        "source_date": "1835",
        "source_family": "military_survey",
        "source_id": "src-russian-staff-1835",
        "source_title": "Russia 1835",
        "source_year_from": 1835,
        "source_year_to": 1835,
        "trench": "ccd-a",
        "valid_from": 1835,
        "valid_to": 9999
      },
      "type": "Feature"
    },
    {
      "geometry": {
        "coordinates": [
          22.66,
          44.63
        ],
        "type": "Point"
      },
      "id": "att-0045",
      "properties": {
        "attestation_class": "variant",
        "attestation_class_label": "Variant",
        "confidence": "medium",
        "confidence_label": "Medium",
        "geometry_provenance": "modern_reference",
        "id": "att-0045",
        "is_silence": false,
        "language": "ro",
        "language_label": "Romanian",
        "locator": "pending",
        "locator_type": "none",
        "name_normalized": "Turnu Severin",
        "name_original": "Turnu-Severinu",
        "place_id": "plc-drobeta",
        "place_name": "Drobeta",
        "place_type": "crossing",
        "region": "oltenia",
        "review_state": "raw",
        "script": "latn",
        "script_label": "Latin",
        "source_date": "1864",
        "source_family": "national_survey",
        "source_id": "src-szathmari-charta",
        "source_title": "Szathmári",
        "source_year_from": 1864,
        "source_year_to": 1864,
        "trench": "ccd-a",
        "valid_from": 1864,
        "valid_to": 9999
      },
      "type": "Feature"
    },
    {
      "geometry": {
        "coordinates": [
          22.78,
          45.51
        ],
        "type": "Point"
      },
      "id": "att-0046",
      "properties": {
        "attestation_class": "variant",
        "attestation_class_label": "Variant",
        "confidence": "medium",
        "confidence_label": "Medium",
        "geometry_provenance": "editorial_reconstruction",
        "id": "att-0046",
        "is_silence": false,
        "language": "ro",
        "language_label": "Romanian",
        "locator": "pending",
        "locator_type": "sheet",
        "name_normalized": "Sarmizegetusa",
        "name_original": "Sarmizegetusa",
        "place_id": "plc-ulpia-traiana-sarmizegetusa",
        "place_name": "Colonia Ulpia Traiana Sarmizegetusa",
        "place_type": "archaeological_site",
        "region": "transylvania",
        "review_state": "raw",
        "script": "latn",
        "script_label": "Latin",
        "source_date": "1916-1959",
        "source_family": "military_survey",
        "source_id": "src-secret-century",
        "source_title": "Secret Century",
        "source_year_from": 1916,
        "source_year_to": 1959,
        "trench": "ccd-a",
        "valid_from": 1916,
        "valid_to": 9999
      },
      "type": "Feature"
    },
    {
      "geometry": {
        "coordinates": [
          23.57,
          46.07
        ],
        "type": "Point"
      },
      "id": "att-0047",
      "properties": {
        "attestation_class": "alternative",
        "attestation_class_label": "Alternative",
        "confidence": "medium",
        "confidence_label": "Medium",
        "geometry_provenance": "modern_reference",
        "id": "att-0047",
        "is_silence": false,
        "language": "ro",
        "language_label": "Romanian",
        "locator": "pending",
        "locator_type": "sheet",
        "name_normalized": "Alba Iulia",
        "name_original": "Alba Iulia",
        "place_id": "plc-apulum",
        "place_name": "Apulum",
        "place_type": "settlement",
        "region": "transylvania",
        "review_state": "raw",
        "script": "latn",
        "script_label": "Latin",
        "source_date": "1916-1959",
        "source_family": "military_survey",
        "source_id": "src-secret-century",
        "source_title": "Secret Century",
        "source_year_from": 1916,
        "source_year_to": 1959,
        "trench": "ccd-a",
        "valid_from": 1916,
        "valid_to": 9999
      },
      "type": "Feature"
    },
    {
      "geometry": {
        "coordinates": [
          23.6,
          46.77
        ],
        "type": "Point"
      },
      "id": "att-0048",
      "properties": {
        "attestation_class": "alternative",
        "attestation_class_label": "Alternative",
        "confidence": "medium",
        "confidence_label": "Medium",
        "geometry_provenance": "modern_reference",
        "id": "att-0048",
        "is_silence": false,
        "language": "ro",
        "language_label": "Romanian",
        "locator": "pending",
        "locator_type": "sheet",
        "name_normalized": "Cluj",
        "name_original": "Cluj",
        "place_id": "plc-napoca",
        "place_name": "Napoca",
        "place_type": "settlement",
        "region": "transylvania",
        "review_state": "raw",
        "script": "latn",
        "script_label": "Latin",
        "source_date": "1916-1959",
        "source_family": "military_survey",
        "source_id": "src-secret-century",
        "source_title": "Secret Century",
        "source_year_from": 1916,
        "source_year_to": 1959,
        "trench": "ccd-a",
        "valid_from": 1916,
        "valid_to": 9999
      },
      "type": "Feature"
    },
    {
      "geometry": {
        "coordinates": [
          22.66,
          44.63
        ],
        "type": "Point"
      },
      "id": "att-0049",
      "properties": {
        "attestation_class": "alternative",
        "attestation_class_label": "Alternative",
        "confidence": "medium",
        "confidence_label": "Medium",
        "geometry_provenance": "modern_reference",
        "id": "att-0049",
        "is_silence": false,
        "language": "ro",
        "language_label": "Romanian",
        "locator": "pending",
        "locator_type": "sheet",
        "name_normalized": "Turnu Severin",
        "name_original": "Turnu Severin",
        "place_id": "plc-drobeta",
        "place_name": "Drobeta",
        "place_type": "crossing",
        "region": "oltenia",
        "review_state": "raw",
        "script": "latn",
        "script_label": "Latin",
        "source_date": "1916-1959",
        "source_family": "military_survey",
        "source_id": "src-secret-century",
        "source_title": "Secret Century",
        "source_year_from": 1916,
        "source_year_to": 1959,
        "trench": "ccd-a",
        "valid_from": 1916,
        "valid_to": 9999
      },
      "type": "Feature"
    },
    {
      "geometry": {
        "coordinates": [
          23.47618,
          44.00204
        ],
        "type": "Point"
      },
      "id": "att-0050",
      "properties": {
        "attestation_class": "textual_only",
        "attestation_class_label": "Textual only",
        "confidence": "high",
        "confidence_label": "High",
        "geometry_provenance": "scholarly_reconstruction",
        "id": "att-0050",
        "is_silence": false,
        "language": "und",
        "language_label": "Undetermined",
        "locator": "https://pleiades.stoa.org/places/206895",
        "locator_type": "section",
        "name_normalized": "Afumaţi",
        "name_original": "Afumaţi",
        "place_id": "plc-pleiades-206895",
        "place_name": "Afumaţi",
        "place_type": "settlement",
        "region": "oltenia",
        "review_state": "normalized",
        "script": "latn",
        "script_label": "Latin",
        "source_date": "snapshot 2026-08-21",
        "source_family": "scholarly_edition",
        "source_id": "src-pleiades-gazetteer",
        "source_title": "Pleiades Published Places",
        "source_year_from": 2026,
        "source_year_to": 2026,
        "trench": "ccd-a",
        "valid_from": 2026,
        "valid_to": 9999
      },
      "type": "Feature"
    },
    {
      "geometry": {
        "coordinates": [
          23.241694,
          46.872513
        ],
        "type": "Point"
      },
      "id": "att-0051",
      "properties": {
        "attestation_class": "textual_only",
        "attestation_class_label": "Textual only",
        "confidence": "high",
        "confidence_label": "High",
        "geometry_provenance": "scholarly_reconstruction",
        "id": "att-0051",
        "is_silence": false,
        "language": "und",
        "language_label": "Undetermined",
        "locator": "https://pleiades.stoa.org/places/206896",
        "locator_type": "section",
        "name_normalized": "Aghireşcu",
        "name_original": "Aghireşcu",
        "place_id": "plc-pleiades-206896",
        "place_name": "Aghireşcu",
        "place_type": "settlement",
        "region": "transylvania",
        "review_state": "normalized",
        "script": "latn",
        "script_label": "Latin",
        "source_date": "snapshot 2026-08-21",
        "source_family": "scholarly_edition",
        "source_id": "src-pleiades-gazetteer",
        "source_title": "Pleiades Published Places",
        "source_year_from": 2026,
        "source_year_to": 2026,
        "trench": "ccd-a",
        "valid_from": 2026,
        "valid_to": 9999
      },
      "type": "Feature"
    },
    {
      "geometry": {
        "coordinates": [
          21.315096,
          46.146819
        ],
        "type": "Point"
      },
      "id": "att-0052",
      "properties": {
        "attestation_class": "textual_only",
        "attestation_class_label": "Textual only",
        "confidence": "high",
        "confidence_label": "High",
        "geometry_provenance": "scholarly_reconstruction",
        "id": "att-0052",
        "is_silence": false,
        "language": "und",
        "language_label": "Undetermined",
        "locator": "https://pleiades.stoa.org/places/206932",
        "locator_type": "section",
        "name_normalized": "Aradul Nou",
        "name_original": "Aradul Nou",
        "place_id": "plc-pleiades-206932",
        "place_name": "Aradul Nou",
        "place_type": "fortification",
        "region": "crisana",
        "review_state": "normalized",
        "script": "latn",
        "script_label": "Latin",
        "source_date": "snapshot 2026-08-21",
        "source_family": "scholarly_edition",
        "source_id": "src-pleiades-gazetteer",
        "source_title": "Pleiades Published Places",
        "source_year_from": 2026,
        "source_year_to": 2026,
        "trench": "ccd-a",
        "valid_from": 2026,
        "valid_to": 9999
      },
      "type": "Feature"
    },
    {
      "geometry": {
        "coordinates": [
          22.892712,
          46.032484
        ],
        "type": "Point"
      },
      "id": "att-0053",
      "properties": {
        "attestation_class": "textual_only",
        "attestation_class_label": "Textual only",
        "confidence": "high",
        "confidence_label": "High",
        "geometry_provenance": "scholarly_reconstruction",
        "id": "att-0053",
        "is_silence": false,
        "language": "und",
        "language_label": "Undetermined",
        "locator": "https://pleiades.stoa.org/places/206951",
        "locator_type": "section",
        "name_normalized": "Băiţa",
        "name_original": "Băiţa",
        "place_id": "plc-pleiades-206951",
        "place_name": "Băiţa",
        "place_type": "settlement",
        "region": "transylvania",
        "review_state": "normalized",
        "script": "latn",
        "script_label": "Latin",
        "source_date": "snapshot 2026-08-21",
        "source_family": "scholarly_edition",
        "source_id": "src-pleiades-gazetteer",
        "source_title": "Pleiades Published Places",
        "source_year_from": 2026,
        "source_year_to": 2026,
        "trench": "ccd-a",
        "valid_from": 2026,
        "valid_to": 9999
      },
      "type": "Feature"
    },
    {
      "geometry": {
        "coordinates": [
          22.598167,
          44.345407
        ],
        "type": "Point"
      },
      "id": "att-0054",
      "properties": {
        "attestation_class": "textual_only",
        "attestation_class_label": "Textual only",
        "confidence": "high",
        "confidence_label": "High",
        "geometry_provenance": "scholarly_reconstruction",
        "id": "att-0054",
        "is_silence": false,
        "language": "und",
        "language_label": "Undetermined",
        "locator": "https://pleiades.stoa.org/places/206956",
        "locator_type": "section",
        "name_normalized": "Balta Verde",
        "name_original": "Balta Verde",
        "place_id": "plc-pleiades-206956",
        "place_name": "Balta Verde",
        "place_type": "settlement",
        "region": "banat",
        "review_state": "normalized",
        "script": "latn",
        "script_label": "Latin",
        "source_date": "snapshot 2026-08-21",
        "source_family": "scholarly_edition",
        "source_id": "src-pleiades-gazetteer",
        "source_title": "Pleiades Published Places",
        "source_year_from": 2026,
        "source_year_to": 2026,
        "trench": "ccd-a",
        "valid_from": 2026,
        "valid_to": 9999
      },
      "type": "Feature"
    },
    {
      "geometry": {
        "coordinates": [
          21.719627,
          45.371256
        ],
        "type": "Point"
      },
      "id": "att-0055",
      "properties": {
        "attestation_class": "textual_only",
        "attestation_class_label": "Textual only",
        "confidence": "high",
        "confidence_label": "High",
        "geometry_provenance": "scholarly_reconstruction",
        "id": "att-0055",
        "is_silence": false,
        "language": "und",
        "language_label": "Undetermined",
        "locator": "https://pleiades.stoa.org/places/206971",
        "locator_type": "section",
        "name_normalized": "Bocşa",
        "name_original": "Bocşa",
        "place_id": "plc-pleiades-206971",
        "place_name": "Bocşa",
        "place_type": "settlement",
        "region": "banat",
        "review_state": "normalized",
        "script": "latn",
        "script_label": "Latin",
        "source_date": "snapshot 2026-08-21",
        "source_family": "scholarly_edition",
        "source_id": "src-pleiades-gazetteer",
        "source_title": "Pleiades Published Places",
        "source_year_from": 2026,
        "source_year_to": 2026,
        "trench": "ccd-a",
        "valid_from": 2026,
        "valid_to": 9999
      },
      "type": "Feature"
    },
    {
      "geometry": {
        "coordinates": [
          23.729304,
          46.312309
        ],
        "type": "Point"
      },
      "id": "att-0056",
      "properties": {
        "attestation_class": "textual_only",
        "attestation_class_label": "Textual only",
        "confidence": "high",
        "confidence_label": "High",
        "geometry_provenance": "scholarly_reconstruction",
        "id": "att-0056",
        "is_silence": false,
        "language": "und",
        "language_label": "Undetermined",
        "locator": "https://pleiades.stoa.org/places/206988",
        "locator_type": "section",
        "name_normalized": "Brucla",
        "name_original": "Brucla",
        "place_id": "plc-pleiades-206988",
        "place_name": "Brucla",
        "place_type": "settlement",
        "region": "transylvania",
        "review_state": "normalized",
        "script": "latn",
        "script_label": "Latin",
        "source_date": "snapshot 2026-08-21",
        "source_family": "scholarly_edition",
        "source_id": "src-pleiades-gazetteer",
        "source_title": "Pleiades Published Places",
        "source_year_from": 2026,
        "source_year_to": 2026,
        "trench": "ccd-a",
        "valid_from": 2026,
        "valid_to": 9999
      },
      "type": "Feature"
    },
    {
      "geometry": {
        "coordinates": [
          22.105561,
          46.004728
        ],
        "type": "Point"
      },
      "id": "att-0057",
      "properties": {
        "attestation_class": "textual_only",
        "attestation_class_label": "Textual only",
        "confidence": "high",
        "confidence_label": "High",
        "geometry_provenance": "scholarly_reconstruction",
        "id": "att-0057",
        "is_silence": false,
        "language": "und",
        "language_label": "Undetermined",
        "locator": "https://pleiades.stoa.org/places/206998",
        "locator_type": "section",
        "name_normalized": "Bulci",
        "name_original": "Bulci",
        "place_id": "plc-pleiades-206998",
        "place_name": "Bulci",
        "place_type": "fortification",
        "region": "crisana",
        "review_state": "normalized",
        "script": "latn",
        "script_label": "Latin",
        "source_date": "snapshot 2026-08-21",
        "source_family": "scholarly_edition",
        "source_id": "src-pleiades-gazetteer",
        "source_title": "Pleiades Published Places",
        "source_year_from": 2026,
        "source_year_to": 2026,
        "trench": "ccd-a",
        "valid_from": 2026,
        "valid_to": 9999
      },
      "type": "Feature"
    },
    {
      "geometry": {
        "coordinates": [
          23.38156,
          45.178701
        ],
        "type": "Point"
      },
      "id": "att-0058",
      "properties": {
        "attestation_class": "textual_only",
        "attestation_class_label": "Textual only",
        "confidence": "high",
        "confidence_label": "High",
        "geometry_provenance": "scholarly_reconstruction",
        "id": "att-0058",
        "is_silence": false,
        "language": "und",
        "language_label": "Undetermined",
        "locator": "https://pleiades.stoa.org/places/206999",
        "locator_type": "section",
        "name_normalized": "Bumbeşti",
        "name_original": "Bumbeşti",
        "place_id": "plc-pleiades-206999",
        "place_name": "Bumbeşti",
        "place_type": "fortification",
        "region": "oltenia",
        "review_state": "normalized",
        "script": "latn",
        "script_label": "Latin",
        "source_date": "snapshot 2026-08-21",
        "source_family": "scholarly_edition",
        "source_id": "src-pleiades-gazetteer",
        "source_title": "Pleiades Published Places",
        "source_year_from": 2026,
        "source_year_to": 2026,
        "trench": "ccd-a",
        "valid_from": 2026,
        "valid_to": 9999
      },
      "type": "Feature"
    },
    {
      "geometry": {
        "coordinates": [
          22.704309,
          46.175209
        ],
        "type": "Point"
      },
      "id": "att-0059",
      "properties": {
        "attestation_class": "textual_only",
        "attestation_class_label": "Textual only",
        "confidence": "high",
        "confidence_label": "High",
        "geometry_provenance": "scholarly_reconstruction",
        "id": "att-0059",
        "is_silence": false,
        "language": "und",
        "language_label": "Undetermined",
        "locator": "https://pleiades.stoa.org/places/207010",
        "locator_type": "section",
        "name_normalized": "Căraciu",
        "name_original": "Căraciu",
        "place_id": "plc-pleiades-207010",
        "place_name": "Căraciu",
        "place_type": "settlement",
        "region": "transylvania",
        "review_state": "normalized",
        "script": "latn",
        "script_label": "Latin",
        "source_date": "snapshot 2026-08-21",
        "source_family": "scholarly_edition",
        "source_id": "src-pleiades-gazetteer",
        "source_title": "Pleiades Published Places",
        "source_year_from": 2026,
        "source_year_to": 2026,
        "trench": "ccd-a",
        "valid_from": 2026,
        "valid_to": 9999
      },
      "type": "Feature"
    },
    {
      "geometry": {
        "coordinates": [
          20.585818,
          46.138105
        ],
        "type": "Point"
      },
      "id": "att-0060",
      "properties": {
        "attestation_class": "textual_only",
        "attestation_class_label": "Textual only",
        "confidence": "high",
        "confidence_label": "High",
        "geometry_provenance": "scholarly_reconstruction",
        "id": "att-0060",
        "is_silence": false,
        "language": "und",
        "language_label": "Undetermined",
        "locator": "https://pleiades.stoa.org/places/207023",
        "locator_type": "section",
        "name_normalized": "Cenad",
        "name_original": "Cenad",
        "place_id": "plc-pleiades-207023",
        "place_name": "Cenad",
        "place_type": "fortification",
        "region": "crisana",
        "review_state": "normalized",
        "script": "latn",
        "script_label": "Latin",
        "source_date": "snapshot 2026-08-21",
        "source_family": "scholarly_edition",
        "source_id": "src-pleiades-gazetteer",
        "source_title": "Pleiades Published Places",
        "source_year_from": 2026,
        "source_year_to": 2026,
        "trench": "ccd-a",
        "valid_from": 2026,
        "valid_to": 9999
      },
      "type": "Feature"
    },
    {
      "geometry": {
        "coordinates": [
          23.051775,
          44.106611
        ],
        "type": "Point"
      },
      "id": "att-0061",
      "properties": {
        "attestation_class": "textual_only",
        "attestation_class_label": "Textual only",
        "confidence": "high",
        "confidence_label": "High",
        "geometry_provenance": "scholarly_reconstruction",
        "id": "att-0061",
        "is_silence": false,
        "language": "und",
        "language_label": "Undetermined",
        "locator": "https://pleiades.stoa.org/places/207026",
        "locator_type": "section",
        "name_normalized": "Cetate",
        "name_original": "Cetate",
        "place_id": "plc-pleiades-207026",
        "place_name": "Cetate",
        "place_type": "settlement",
        "region": "oltenia",
        "review_state": "normalized",
        "script": "latn",
        "script_label": "Latin",
        "source_date": "snapshot 2026-08-21",
        "source_family": "scholarly_edition",
        "source_id": "src-pleiades-gazetteer",
        "source_title": "Pleiades Published Places",
        "source_year_from": 2026,
        "source_year_to": 2026,
        "trench": "ccd-a",
        "valid_from": 2026,
        "valid_to": 9999
      },
      "type": "Feature"
    },
    {
      "geometry": {
        "coordinates": [
          24.025731,
          46.464413
        ],
        "type": "Point"
      },
      "id": "att-0062",
      "properties": {
        "attestation_class": "textual_only",
        "attestation_class_label": "Textual only",
        "confidence": "high",
        "confidence_label": "High",
        "geometry_provenance": "scholarly_reconstruction",
        "id": "att-0062",
        "is_silence": false,
        "language": "und",
        "language_label": "Undetermined",
        "locator": "https://pleiades.stoa.org/places/207030",
        "locator_type": "section",
        "name_normalized": "Cheţani",
        "name_original": "Cheţani",
        "place_id": "plc-pleiades-207030",
        "place_name": "Cheţani",
        "place_type": "settlement",
        "region": "transylvania",
        "review_state": "normalized",
        "script": "latn",
        "script_label": "Latin",
        "source_date": "snapshot 2026-08-21",
        "source_family": "scholarly_edition",
        "source_id": "src-pleiades-gazetteer",
        "source_title": "Pleiades Published Places",
        "source_year_from": 2026,
        "source_year_to": 2026,
        "trench": "ccd-a",
        "valid_from": 2026,
        "valid_to": 9999
      },
      "type": "Feature"
    },
    {
      "geometry": {
        "coordinates": [
          22.066639,
          45.633278
        ],
        "type": "Point"
      },
      "id": "att-0063",
      "properties": {
        "attestation_class": "textual_only",
        "attestation_class_label": "Textual only",
        "confidence": "high",
        "confidence_label": "High",
        "geometry_provenance": "scholarly_reconstruction",
        "id": "att-0063",
        "is_silence": false,
        "language": "und",
        "language_label": "Undetermined",
        "locator": "https://pleiades.stoa.org/places/207052",
        "locator_type": "section",
        "name_normalized": "Criciova",
        "name_original": "Criciova",
        "place_id": "plc-pleiades-207052",
        "place_name": "Criciova",
        "place_type": "settlement",
        "region": "banat",
        "review_state": "normalized",
        "script": "latn",
        "script_label": "Latin",
        "source_date": "snapshot 2026-08-21",
        "source_family": "scholarly_edition",
        "source_id": "src-pleiades-gazetteer",
        "source_title": "Pleiades Published Places",
        "source_year_from": 2026,
        "source_year_to": 2026,
        "trench": "ccd-a",
        "valid_from": 2026,
        "valid_to": 9999
      },
      "type": "Feature"
    },
    {
      "geometry": {
        "coordinates": [
          21.260402,
          45.360397
        ],
        "type": "Point"
      },
      "id": "att-0064",
      "properties": {
        "attestation_class": "textual_only",
        "attestation_class_label": "Textual only",
        "confidence": "high",
        "confidence_label": "High",
        "geometry_provenance": "scholarly_reconstruction",
        "id": "att-0064",
        "is_silence": false,
        "language": "und",
        "language_label": "Undetermined",
        "locator": "https://pleiades.stoa.org/places/207074",
        "locator_type": "section",
        "name_normalized": "Denta",
        "name_original": "Denta",
        "place_id": "plc-pleiades-207074",
        "place_name": "Denta",
        "place_type": "settlement",
        "region": "banat",
        "review_state": "normalized",
        "script": "latn",
        "script_label": "Latin",
        "source_date": "snapshot 2026-08-21",
        "source_family": "scholarly_edition",
        "source_id": "src-pleiades-gazetteer",
        "source_title": "Pleiades Published Places",
        "source_year_from": 2026,
        "source_year_to": 2026,
        "trench": "ccd-a",
        "valid_from": 2026,
        "valid_to": 9999
      },
      "type": "Feature"
    },
    {
      "geometry": {
        "coordinates": [
          23.033899,
          43.866568
        ],
        "type": "Point"
      },
      "id": "att-0065",
      "properties": {
        "attestation_class": "textual_only",
        "attestation_class_label": "Textual only",
        "confidence": "high",
        "confidence_label": "High",
        "geometry_provenance": "scholarly_reconstruction",
        "id": "att-0065",
        "is_silence": false,
        "language": "und",
        "language_label": "Undetermined",
        "locator": "https://pleiades.stoa.org/places/207075",
        "locator_type": "section",
        "name_normalized": "Desa",
        "name_original": "Desa",
        "place_id": "plc-pleiades-207075",
        "place_name": "Desa",
        "place_type": "settlement",
        "region": "oltenia",
        "review_state": "normalized",
        "script": "latn",
        "script_label": "Latin",
        "source_date": "snapshot 2026-08-21",
        "source_family": "scholarly_edition",
        "source_id": "src-pleiades-gazetteer",
        "source_title": "Pleiades Published Places",
        "source_year_from": 2026,
        "source_year_to": 2026,
        "trench": "ccd-a",
        "valid_from": 2026,
        "valid_to": 9999
      },
      "type": "Feature"
    },
    {
      "geometry": {
        "coordinates": [
          22.316725,
          45.083198
        ],
        "type": "Point"
      },
      "id": "att-0066",
      "properties": {
        "attestation_class": "textual_only",
        "attestation_class_label": "Textual only",
        "confidence": "high",
        "confidence_label": "High",
        "geometry_provenance": "scholarly_reconstruction",
        "id": "att-0066",
        "is_silence": false,
        "language": "und",
        "language_label": "Undetermined",
        "locator": "https://pleiades.stoa.org/places/207087",
        "locator_type": "section",
        "name_normalized": "Domaşnea",
        "name_original": "Domaşnea",
        "place_id": "plc-pleiades-207087",
        "place_name": "Domaşnea",
        "place_type": "settlement",
        "region": "banat",
        "review_state": "normalized",
        "script": "latn",
        "script_label": "Latin",
        "source_date": "snapshot 2026-08-21",
        "source_family": "scholarly_edition",
        "source_id": "src-pleiades-gazetteer",
        "source_title": "Pleiades Published Places",
        "source_year_from": 2026,
        "source_year_to": 2026,
        "trench": "ccd-a",
        "valid_from": 2026,
        "valid_to": 9999
      },
      "type": "Feature"
    },
    {
      "geometry": {
        "coordinates": [
          22.736228,
          44.19265
        ],
        "type": "Point"
      },
      "id": "att-0067",
      "properties": {
        "attestation_class": "textual_only",
        "attestation_class_label": "Textual only",
        "confidence": "high",
        "confidence_label": "High",
        "geometry_provenance": "scholarly_reconstruction",
        "id": "att-0067",
        "is_silence": false,
        "language": "und",
        "language_label": "Undetermined",
        "locator": "https://pleiades.stoa.org/places/207093",
        "locator_type": "section",
        "name_normalized": "Dorticum",
        "name_original": "Dorticum",
        "place_id": "plc-pleiades-207093",
        "place_name": "Dorticum",
        "place_type": "fortification",
        "region": "oltenia",
        "review_state": "normalized",
        "script": "latn",
        "script_label": "Latin",
        "source_date": "snapshot 2026-08-21",
        "source_family": "scholarly_edition",
        "source_id": "src-pleiades-gazetteer",
        "source_title": "Pleiades Published Places",
        "source_year_from": 2026,
        "source_year_to": 2026,
        "trench": "ccd-a",
        "valid_from": 2026,
        "valid_to": 9999
      },
      "type": "Feature"
    },
    {
      "geometry": {
        "coordinates": [
          23.391696,
          47.0382
        ],
        "type": "Point"
      },
      "id": "att-0068",
      "properties": {
        "attestation_class": "textual_only",
        "attestation_class_label": "Textual only",
        "confidence": "high",
        "confidence_label": "High",
        "geometry_provenance": "scholarly_reconstruction",
        "id": "att-0068",
        "is_silence": false,
        "language": "und",
        "language_label": "Undetermined",
        "locator": "https://pleiades.stoa.org/places/207094",
        "locator_type": "section",
        "name_normalized": "Dragu",
        "name_original": "Dragu",
        "place_id": "plc-pleiades-207094",
        "place_name": "Dragu",
        "place_type": "settlement",
        "region": "transylvania",
        "review_state": "normalized",
        "script": "latn",
        "script_label": "Latin",
        "source_date": "snapshot 2026-08-21",
        "source_family": "scholarly_edition",
        "source_id": "src-pleiades-gazetteer",
        "source_title": "Pleiades Published Places",
        "source_year_from": 2026,
        "source_year_to": 2026,
        "trench": "ccd-a",
        "valid_from": 2026,
        "valid_to": 9999
      },
      "type": "Feature"
    },
    {
      "geometry": {
        "coordinates": [
          20.875371,
          45.497006
        ],
        "type": "Point"
      },
      "id": "att-0069",
      "properties": {
        "attestation_class": "textual_only",
        "attestation_class_label": "Textual only",
        "confidence": "high",
        "confidence_label": "High",
        "geometry_provenance": "scholarly_reconstruction",
        "id": "att-0069",
        "is_silence": false,
        "language": "und",
        "language_label": "Undetermined",
        "locator": "https://pleiades.stoa.org/places/207119",
        "locator_type": "section",
        "name_normalized": "Foeni",
        "name_original": "Foeni",
        "place_id": "plc-pleiades-207119",
        "place_name": "Foeni",
        "place_type": "fortification",
        "region": "banat",
        "review_state": "normalized",
        "script": "latn",
        "script_label": "Latin",
        "source_date": "snapshot 2026-08-21",
        "source_family": "scholarly_edition",
        "source_id": "src-pleiades-gazetteer",
        "source_title": "Pleiades Published Places",
        "source_year_from": 2026,
        "source_year_to": 2026,
        "trench": "ccd-a",
        "valid_from": 2026,
        "valid_to": 9999
      },
      "type": "Feature"
    },
    {
      "geometry": {
        "coordinates": [
          23.164363,
          45.897054
        ],
        "type": "Point"
      },
      "id": "att-0070",
      "properties": {
        "attestation_class": "textual_only",
        "attestation_class_label": "Textual only",
        "confidence": "high",
        "confidence_label": "High",
        "geometry_provenance": "scholarly_reconstruction",
        "id": "att-0070",
        "is_silence": false,
        "language": "und",
        "language_label": "Undetermined",
        "locator": "https://pleiades.stoa.org/places/207129",
        "locator_type": "section",
        "name_normalized": "Germisara",
        "name_original": "Germisara",
        "place_id": "plc-pleiades-207129",
        "place_name": "Germisara",
        "place_type": "fortification",
        "region": "transylvania",
        "review_state": "normalized",
        "script": "latn",
        "script_label": "Latin",
        "source_date": "snapshot 2026-08-21",
        "source_family": "scholarly_edition",
        "source_id": "src-pleiades-gazetteer",
        "source_title": "Pleiades Published Places",
        "source_year_from": 2026,
        "source_year_to": 2026,
        "trench": "ccd-a",
        "valid_from": 2026,
        "valid_to": 9999
      },
      "type": "Feature"
    },
    {
      "geometry": {
        "coordinates": [
          23.896995,
          47.024276
        ],
        "type": "Point"
      },
      "id": "att-0071",
      "properties": {
        "attestation_class": "textual_only",
        "attestation_class_label": "Textual only",
        "confidence": "high",
        "confidence_label": "High",
        "geometry_provenance": "scholarly_reconstruction",
        "id": "att-0071",
        "is_silence": false,
        "language": "und",
        "language_label": "Undetermined",
        "locator": "https://pleiades.stoa.org/places/207133",
        "locator_type": "section",
        "name_normalized": "Gherla",
        "name_original": "Gherla",
        "place_id": "plc-pleiades-207133",
        "place_name": "Gherla",
        "place_type": "fortification",
        "region": "transylvania",
        "review_state": "normalized",
        "script": "latn",
        "script_label": "Latin",
        "source_date": "snapshot 2026-08-21",
        "source_family": "scholarly_edition",
        "source_id": "src-pleiades-gazetteer",
        "source_title": "Pleiades Published Places",
        "source_year_from": 2026,
        "source_year_to": 2026,
        "trench": "ccd-a",
        "valid_from": 2026,
        "valid_to": 9999
      },
      "type": "Feature"
    },
    {
      "geometry": {
        "coordinates": [
          21.855154,
          44.680635
        ],
        "type": "Point"
      },
      "id": "att-0072",
      "properties": {
        "attestation_class": "textual_only",
        "attestation_class_label": "Textual only",
        "confidence": "high",
        "confidence_label": "High",
        "geometry_provenance": "scholarly_reconstruction",
        "id": "att-0072",
        "is_silence": false,
        "language": "und",
        "language_label": "Undetermined",
        "locator": "https://pleiades.stoa.org/places/207145",
        "locator_type": "section",
        "name_normalized": "Gornea",
        "name_original": "Gornea",
        "place_id": "plc-pleiades-207145",
        "place_name": "Gornea",
        "place_type": "fortification",
        "region": "banat",
        "review_state": "normalized",
        "script": "latn",
        "script_label": "Latin",
        "source_date": "snapshot 2026-08-21",
        "source_family": "scholarly_edition",
        "source_id": "src-pleiades-gazetteer",
        "source_title": "Pleiades Published Places",
        "source_year_from": 2026,
        "source_year_to": 2026,
        "trench": "ccd-a",
        "valid_from": 2026,
        "valid_to": 9999
      },
      "type": "Feature"
    },
    {
      "geometry": {
        "coordinates": [
          21.684316,
          46.081725
        ],
        "type": "Point"
      },
      "id": "att-0073",
      "properties": {
        "attestation_class": "textual_only",
        "attestation_class_label": "Textual only",
        "confidence": "high",
        "confidence_label": "High",
        "geometry_provenance": "scholarly_reconstruction",
        "id": "att-0073",
        "is_silence": false,
        "language": "und",
        "language_label": "Undetermined",
        "locator": "https://pleiades.stoa.org/places/207242",
        "locator_type": "section",
        "name_normalized": "Lipova",
        "name_original": "Lipova",
        "place_id": "plc-pleiades-207242",
        "place_name": "Lipova",
        "place_type": "settlement",
        "region": "crisana",
        "review_state": "normalized",
        "script": "latn",
        "script_label": "Latin",
        "source_date": "snapshot 2026-08-21",
        "source_family": "scholarly_edition",
        "source_id": "src-pleiades-gazetteer",
        "source_title": "Pleiades Published Places",
        "source_year_from": 2026,
        "source_year_to": 2026,
        "trench": "ccd-a",
        "valid_from": 2026,
        "valid_to": 9999
      },
      "type": "Feature"
    },
    {
      "geometry": {
        "coordinates": [
          23.970139,
          46.141675
        ],
        "type": "Point"
      },
      "id": "att-0074",
      "properties": {
        "attestation_class": "textual_only",
        "attestation_class_label": "Textual only",
        "confidence": "high",
        "confidence_label": "High",
        "geometry_provenance": "scholarly_reconstruction",
        "id": "att-0074",
        "is_silence": false,
        "language": "und",
        "language_label": "Undetermined",
        "locator": "https://pleiades.stoa.org/places/207264",
        "locator_type": "section",
        "name_normalized": "Mănărade",
        "name_original": "Mănărade",
        "place_id": "plc-pleiades-207264",
        "place_name": "Mănărade",
        "place_type": "settlement",
        "region": "transylvania",
        "review_state": "normalized",
        "script": "latn",
        "script_label": "Latin",
        "source_date": "snapshot 2026-08-21",
        "source_family": "scholarly_edition",
        "source_id": "src-pleiades-gazetteer",
        "source_title": "Pleiades Published Places",
        "source_year_from": 2026,
        "source_year_to": 2026,
        "trench": "ccd-a",
        "valid_from": 2026,
        "valid_to": 9999
      },
      "type": "Feature"
    },
    {
      "geometry": {
        "coordinates": [
          23.793973,
          45.89065
        ],
        "type": "Point"
      },
      "id": "att-0075",
      "properties": {
        "attestation_class": "textual_only",
        "attestation_class_label": "Textual only",
        "confidence": "high",
        "confidence_label": "High",
        "geometry_provenance": "scholarly_reconstruction",
        "id": "att-0075",
        "is_silence": false,
        "language": "und",
        "language_label": "Undetermined",
        "locator": "https://pleiades.stoa.org/places/207276",
        "locator_type": "section",
        "name_normalized": "Mercurea",
        "name_original": "Mercurea",
        "place_id": "plc-pleiades-207276",
        "place_name": "Mercurea",
        "place_type": "settlement",
        "region": "transylvania",
        "review_state": "normalized",
        "script": "latn",
        "script_label": "Latin",
        "source_date": "snapshot 2026-08-21",
        "source_family": "scholarly_edition",
        "source_id": "src-pleiades-gazetteer",
        "source_title": "Pleiades Published Places",
        "source_year_from": 2026,
        "source_year_to": 2026,
        "trench": "ccd-a",
        "valid_from": 2026,
        "valid_to": 9999
      },
      "type": "Feature"
    },
    {
      "geometry": {
        "coordinates": [
          23.988306,
          46.840774
        ],
        "type": "Point"
      },
      "id": "att-0076",
      "properties": {
        "attestation_class": "textual_only",
        "attestation_class_label": "Textual only",
        "confidence": "high",
        "confidence_label": "High",
        "geometry_provenance": "scholarly_reconstruction",
        "id": "att-0076",
        "is_silence": false,
        "language": "und",
        "language_label": "Undetermined",
        "locator": "https://pleiades.stoa.org/places/207329",
        "locator_type": "section",
        "name_normalized": "Palatca",
        "name_original": "Palatca",
        "place_id": "plc-pleiades-207329",
        "place_name": "Palatca",
        "place_type": "settlement",
        "region": "transylvania",
        "review_state": "normalized",
        "script": "latn",
        "script_label": "Latin",
        "source_date": "snapshot 2026-08-21",
        "source_family": "scholarly_edition",
        "source_id": "src-pleiades-gazetteer",
        "source_title": "Pleiades Published Places",
        "source_year_from": 2026,
        "source_year_to": 2026,
        "trench": "ccd-a",
        "valid_from": 2026,
        "valid_to": 9999
      },
      "type": "Feature"
    },
    {
      "geometry": {
        "coordinates": [
          21.580472,
          44.760152
        ],
        "type": "Point"
      },
      "id": "att-0077",
      "properties": {
        "attestation_class": "textual_only",
        "attestation_class_label": "Textual only",
        "confidence": "high",
        "confidence_label": "High",
        "geometry_provenance": "scholarly_reconstruction",
        "id": "att-0077",
        "is_silence": false,
        "language": "und",
        "language_label": "Undetermined",
        "locator": "https://pleiades.stoa.org/places/207354",
        "locator_type": "section",
        "name_normalized": "Pojejena de Sus",
        "name_original": "Pojejena de Sus",
        "place_id": "plc-pleiades-207354",
        "place_name": "Pojejena de Sus",
        "place_type": "fortification",
        "region": "banat",
        "review_state": "normalized",
        "script": "latn",
        "script_label": "Latin",
        "source_date": "snapshot 2026-08-21",
        "source_family": "scholarly_edition",
        "source_id": "src-pleiades-gazetteer",
        "source_title": "Pleiades Published Places",
        "source_year_from": 2026,
        "source_year_to": 2026,
        "trench": "ccd-a",
        "valid_from": 2026,
        "valid_to": 9999
      },
      "type": "Feature"
    },
    {
      "geometry": {
        "coordinates": [
          22.518892,
          45.504578
        ],
        "type": "Point"
      },
      "id": "att-0078",
      "properties": {
        "attestation_class": "textual_only",
        "attestation_class_label": "Textual only",
        "confidence": "high",
        "confidence_label": "High",
        "geometry_provenance": "scholarly_reconstruction",
        "id": "att-0078",
        "is_silence": false,
        "language": "und",
        "language_label": "Undetermined",
        "locator": "https://pleiades.stoa.org/places/207357",
        "locator_type": "section",
        "name_normalized": "Pons Augusti",
        "name_original": "Pons Augusti",
        "place_id": "plc-pleiades-207357",
        "place_name": "Pons Augusti",
        "place_type": "settlement",
        "region": "banat",
        "review_state": "normalized",
        "script": "latn",
        "script_label": "Latin",
        "source_date": "snapshot 2026-08-21",
        "source_family": "scholarly_edition",
        "source_id": "src-pleiades-gazetteer",
        "source_title": "Pleiades Published Places",
        "source_year_from": 2026,
        "source_year_to": 2026,
        "trench": "ccd-a",
        "valid_from": 2026,
        "valid_to": 9999
      },
      "type": "Feature"
    },
    {
      "geometry": {
        "coordinates": [
          22.063852,
          44.931353
        ],
        "type": "Point"
      },
      "id": "att-0079",
      "properties": {
        "attestation_class": "textual_only",
        "attestation_class_label": "Textual only",
        "confidence": "high",
        "confidence_label": "High",
        "geometry_provenance": "scholarly_reconstruction",
        "id": "att-0079",
        "is_silence": false,
        "language": "und",
        "language_label": "Undetermined",
        "locator": "https://pleiades.stoa.org/places/207366",
        "locator_type": "section",
        "name_normalized": "Prilipăţ",
        "name_original": "Prilipăţ",
        "place_id": "plc-pleiades-207366",
        "place_name": "Prilipăţ",
        "place_type": "settlement",
        "region": "banat",
        "review_state": "normalized",
        "script": "latn",
        "script_label": "Latin",
        "source_date": "snapshot 2026-08-21",
        "source_family": "scholarly_edition",
        "source_id": "src-pleiades-gazetteer",
        "source_title": "Pleiades Published Places",
        "source_year_from": 2026,
        "source_year_to": 2026,
        "trench": "ccd-a",
        "valid_from": 2026,
        "valid_to": 9999
      },
      "type": "Feature"
    },
    {
      "geometry": {
        "coordinates": [
          23.092043,
          45.518158
        ],
        "type": "Point"
      },
      "id": "att-0080",
      "properties": {
        "attestation_class": "textual_only",
        "attestation_class_label": "Textual only",
        "confidence": "high",
        "confidence_label": "High",
        "geometry_provenance": "scholarly_reconstruction",
        "id": "att-0080",
        "is_silence": false,
        "language": "und",
        "language_label": "Undetermined",
        "locator": "https://pleiades.stoa.org/places/207367",
        "locator_type": "section",
        "name_normalized": "Pui",
        "name_original": "Pui",
        "place_id": "plc-pleiades-207367",
        "place_name": "Pui",
        "place_type": "settlement",
        "region": "transylvania",
        "review_state": "normalized",
        "script": "latn",
        "script_label": "Latin",
        "source_date": "snapshot 2026-08-21",
        "source_family": "scholarly_edition",
        "source_id": "src-pleiades-gazetteer",
        "source_title": "Pleiades Published Places",
        "source_year_from": 2026,
        "source_year_to": 2026,
        "trench": "ccd-a",
        "valid_from": 2026,
        "valid_to": 9999
      },
      "type": "Feature"
    },
    {
      "geometry": {
        "coordinates": [
          23.571841,
          44.514002
        ],
        "type": "Point"
      },
      "id": "att-0081",
      "properties": {
        "attestation_class": "textual_only",
        "attestation_class_label": "Textual only",
        "confidence": "high",
        "confidence_label": "High",
        "geometry_provenance": "scholarly_reconstruction",
        "id": "att-0081",
        "is_silence": false,
        "language": "und",
        "language_label": "Undetermined",
        "locator": "https://pleiades.stoa.org/places/207372",
        "locator_type": "section",
        "name_normalized": "Răcari",
        "name_original": "Răcari",
        "place_id": "plc-pleiades-207372",
        "place_name": "Răcari",
        "place_type": "fortification",
        "region": "oltenia",
        "review_state": "normalized",
        "script": "latn",
        "script_label": "Latin",
        "source_date": "snapshot 2026-08-21",
        "source_family": "scholarly_edition",
        "source_id": "src-pleiades-gazetteer",
        "source_title": "Pleiades Published Places",
        "source_year_from": 2026,
        "source_year_to": 2026,
        "trench": "ccd-a",
        "valid_from": 2026,
        "valid_to": 9999
      },
      "type": "Feature"
    },
    {
      "geometry": {
        "coordinates": [
          23.116614,
          44.516565
        ],
        "type": "Point"
      },
      "id": "att-0082",
      "properties": {
        "attestation_class": "textual_only",
        "attestation_class_label": "Textual only",
        "confidence": "high",
        "confidence_label": "High",
        "geometry_provenance": "scholarly_reconstruction",
        "id": "att-0082",
        "is_silence": false,
        "language": "und",
        "language_label": "Undetermined",
        "locator": "https://pleiades.stoa.org/places/207393",
        "locator_type": "section",
        "name_normalized": "Rocşoreni",
        "name_original": "Rocşoreni",
        "place_id": "plc-pleiades-207393",
        "place_name": "Rocşoreni",
        "place_type": "settlement",
        "region": "oltenia",
        "review_state": "normalized",
        "script": "latn",
        "script_label": "Latin",
        "source_date": "snapshot 2026-08-21",
        "source_family": "scholarly_edition",
        "source_id": "src-pleiades-gazetteer",
        "source_title": "Pleiades Published Places",
        "source_year_from": 2026,
        "source_year_to": 2026,
        "trench": "ccd-a",
        "valid_from": 2026,
        "valid_to": 9999
      },
      "type": "Feature"
    },
    {
      "geometry": {
        "coordinates": [
          23.847469,
          47.191495
        ],
        "type": "Point"
      },
      "id": "att-0083",
      "properties": {
        "attestation_class": "textual_only",
        "attestation_class_label": "Textual only",
        "confidence": "high",
        "confidence_label": "High",
        "geometry_provenance": "scholarly_reconstruction",
        "id": "att-0083",
        "is_silence": false,
        "language": "und",
        "language_label": "Undetermined",
        "locator": "https://pleiades.stoa.org/places/207419",
        "locator_type": "section",
        "name_normalized": "Samum",
        "name_original": "Samum",
        "place_id": "plc-pleiades-207419",
        "place_name": "Samum",
        "place_type": "fortification",
        "region": "transylvania",
        "review_state": "normalized",
        "script": "latn",
        "script_label": "Latin",
        "source_date": "snapshot 2026-08-21",
        "source_family": "scholarly_edition",
        "source_id": "src-pleiades-gazetteer",
        "source_title": "Pleiades Published Places",
        "source_year_from": 2026,
        "source_year_to": 2026,
        "trench": "ccd-a",
        "valid_from": 2026,
        "valid_to": 9999
      },
      "type": "Feature"
    },
    {
      "geometry": {
        "coordinates": [
          20.628316,
          46.077476
        ],
        "type": "Point"
      },
      "id": "att-0084",
      "properties": {
        "attestation_class": "textual_only",
        "attestation_class_label": "Textual only",
        "confidence": "high",
        "confidence_label": "High",
        "geometry_provenance": "scholarly_reconstruction",
        "id": "att-0084",
        "is_silence": false,
        "language": "und",
        "language_label": "Undetermined",
        "locator": "https://pleiades.stoa.org/places/207444",
        "locator_type": "section",
        "name_normalized": "Sînnicolaul Mare",
        "name_original": "Sînnicolaul Mare",
        "place_id": "plc-pleiades-207444",
        "place_name": "Sînnicolaul Mare",
        "place_type": "fortification",
        "region": "crisana",
        "review_state": "normalized",
        "script": "latn",
        "script_label": "Latin",
        "source_date": "snapshot 2026-08-21",
        "source_family": "scholarly_edition",
        "source_id": "src-pleiades-gazetteer",
        "source_title": "Pleiades Published Places",
        "source_year_from": 2026,
        "source_year_to": 2026,
        "trench": "ccd-a",
        "valid_from": 2026,
        "valid_to": 9999
      },
      "type": "Feature"
    },
    {
      "geometry": {
        "coordinates": [
          23.343711,
          47.31268
        ],
        "type": "Point"
      },
      "id": "att-0085",
      "properties": {
        "attestation_class": "textual_only",
        "attestation_class_label": "Textual only",
        "confidence": "high",
        "confidence_label": "High",
        "geometry_provenance": "scholarly_reconstruction",
        "id": "att-0085",
        "is_silence": false,
        "language": "und",
        "language_label": "Undetermined",
        "locator": "https://pleiades.stoa.org/places/207456",
        "locator_type": "section",
        "name_normalized": "Şoimuşeni",
        "name_original": "Şoimuşeni",
        "place_id": "plc-pleiades-207456",
        "place_name": "Şoimuşeni",
        "place_type": "settlement",
        "region": "maramures",
        "review_state": "normalized",
        "script": "latn",
        "script_label": "Latin",
        "source_date": "snapshot 2026-08-21",
        "source_family": "scholarly_edition",
        "source_id": "src-pleiades-gazetteer",
        "source_title": "Pleiades Published Places",
        "source_year_from": 2026,
        "source_year_to": 2026,
        "trench": "ccd-a",
        "valid_from": 2026,
        "valid_to": 9999
      },
      "type": "Feature"
    },
    {
      "geometry": {
        "coordinates": [
          22.943505,
          46.197859
        ],
        "type": "Point"
      },
      "id": "att-0086",
      "properties": {
        "attestation_class": "textual_only",
        "attestation_class_label": "Textual only",
        "confidence": "high",
        "confidence_label": "High",
        "geometry_provenance": "scholarly_reconstruction",
        "id": "att-0086",
        "is_silence": false,
        "language": "und",
        "language_label": "Undetermined",
        "locator": "https://pleiades.stoa.org/places/207464",
        "locator_type": "section",
        "name_normalized": "Stănija",
        "name_original": "Stănija",
        "place_id": "plc-pleiades-207464",
        "place_name": "Stănija",
        "place_type": "settlement",
        "region": "transylvania",
        "review_state": "normalized",
        "script": "latn",
        "script_label": "Latin",
        "source_date": "snapshot 2026-08-21",
        "source_family": "scholarly_edition",
        "source_id": "src-pleiades-gazetteer",
        "source_title": "Pleiades Published Places",
        "source_year_from": 2026,
        "source_year_to": 2026,
        "trench": "ccd-a",
        "valid_from": 2026,
        "valid_to": 9999
      },
      "type": "Feature"
    },
    {
      "geometry": {
        "coordinates": [
          23.135888,
          44.915094
        ],
        "type": "Point"
      },
      "id": "att-0087",
      "properties": {
        "attestation_class": "textual_only",
        "attestation_class_label": "Textual only",
        "confidence": "high",
        "confidence_label": "High",
        "geometry_provenance": "scholarly_reconstruction",
        "id": "att-0087",
        "is_silence": false,
        "language": "und",
        "language_label": "Undetermined",
        "locator": "https://pleiades.stoa.org/places/207556",
        "locator_type": "section",
        "name_normalized": "Vîrţu",
        "name_original": "Vîrţu",
        "place_id": "plc-pleiades-207556",
        "place_name": "Vîrţu",
        "place_type": "fortification",
        "region": "oltenia",
        "review_state": "normalized",
        "script": "latn",
        "script_label": "Latin",
        "source_date": "snapshot 2026-08-21",
        "source_family": "scholarly_edition",
        "source_id": "src-pleiades-gazetteer",
        "source_title": "Pleiades Published Places",
        "source_year_from": 2026,
        "source_year_to": 2026,
        "trench": "ccd-a",
        "valid_from": 2026,
        "valid_to": 9999
      },
      "type": "Feature"
    },
    {
      "geometry": {
        "coordinates": [
          23.790117,
          43.809013
        ],
        "type": "Point"
      },
      "id": "att-0088",
      "properties": {
        "attestation_class": "textual_only",
        "attestation_class_label": "Textual only",
        "confidence": "high",
        "confidence_label": "High",
        "geometry_provenance": "scholarly_reconstruction",
        "id": "att-0088",
        "is_silence": false,
        "language": "und",
        "language_label": "Undetermined",
        "locator": "https://pleiades.stoa.org/places/207577",
        "locator_type": "section",
        "name_normalized": "Zăvalu",
        "name_original": "Zăvalu",
        "place_id": "plc-pleiades-207577",
        "place_name": "Zăvalu",
        "place_type": "fortification",
        "region": "oltenia",
        "review_state": "normalized",
        "script": "latn",
        "script_label": "Latin",
        "source_date": "snapshot 2026-08-21",
        "source_family": "scholarly_edition",
        "source_id": "src-pleiades-gazetteer",
        "source_title": "Pleiades Published Places",
        "source_year_from": 2026,
        "source_year_to": 2026,
        "trench": "ccd-a",
        "valid_from": 2026,
        "valid_to": 9999
      },
      "type": "Feature"
    },
    {
      "geometry": {
        "coordinates": [
          27.692896,
          44.187331
        ],
        "type": "Point"
      },
      "id": "att-0089",
      "properties": {
        "attestation_class": "textual_only",
        "attestation_class_label": "Textual only",
        "confidence": "high",
        "confidence_label": "High",
        "geometry_provenance": "scholarly_reconstruction",
        "id": "att-0089",
        "is_silence": false,
        "language": "und",
        "language_label": "Undetermined",
        "locator": "https://pleiades.stoa.org/places/216700",
        "locator_type": "section",
        "name_normalized": "Altinum",
        "name_original": "Altinum",
        "place_id": "plc-pleiades-216700",
        "place_name": "Altinum",
        "place_type": "fortification",
        "region": "dobrogea",
        "review_state": "normalized",
        "script": "latn",
        "script_label": "Latin",
        "source_date": "snapshot 2026-08-21",
        "source_family": "scholarly_edition",
        "source_id": "src-pleiades-gazetteer",
        "source_title": "Pleiades Published Places",
        "source_year_from": 2026,
        "source_year_to": 2026,
        "trench": "ccd-a",
        "valid_from": 2026,
        "valid_to": 9999
      },
      "type": "Feature"
    },
    {
      "geometry": {
        "coordinates": [
          28.132518,
          45.246219
        ],
        "type": "Point"
      },
      "id": "att-0090",
      "properties": {
        "attestation_class": "textual_only",
        "attestation_class_label": "Textual only",
        "confidence": "high",
        "confidence_label": "High",
        "geometry_provenance": "scholarly_reconstruction",
        "id": "att-0090",
        "is_silence": false,
        "language": "und",
        "language_label": "Undetermined",
        "locator": "https://pleiades.stoa.org/places/216712",
        "locator_type": "section",
        "name_normalized": "Arubium",
        "name_original": "Arubium",
        "place_id": "plc-pleiades-216712",
        "place_name": "Arubium",
        "place_type": "fortification",
        "region": "dobrogea",
        "review_state": "normalized",
        "script": "latn",
        "script_label": "Latin",
        "source_date": "snapshot 2026-08-21",
        "source_family": "scholarly_edition",
        "source_id": "src-pleiades-gazetteer",
        "source_title": "Pleiades Published Places",
        "source_year_from": 2026,
        "source_year_to": 2026,
        "trench": "ccd-a",
        "valid_from": 2026,
        "valid_to": 9999
      },
      "type": "Feature"
    },
    {
      "geometry": {
        "coordinates": [
          28.717592,
          44.891249
        ],
        "type": "Point"
      },
      "id": "att-0091",
      "properties": {
        "attestation_class": "textual_only",
        "attestation_class_label": "Textual only",
        "confidence": "high",
        "confidence_label": "High",
        "geometry_provenance": "scholarly_reconstruction",
        "id": "att-0091",
        "is_silence": false,
        "language": "und",
        "language_label": "Undetermined",
        "locator": "https://pleiades.stoa.org/places/216724",
        "locator_type": "section",
        "name_normalized": "Babadag",
        "name_original": "Babadag",
        "place_id": "plc-pleiades-216724",
        "place_name": "Babadag",
        "place_type": "settlement",
        "region": "dobrogea",
        "review_state": "normalized",
        "script": "latn",
        "script_label": "Latin",
        "source_date": "snapshot 2026-08-21",
        "source_family": "scholarly_edition",
        "source_id": "src-pleiades-gazetteer",
        "source_title": "Pleiades Published Places",
        "source_year_from": 2026,
        "source_year_to": 2026,
        "trench": "ccd-a",
        "valid_from": 2026,
        "valid_to": 9999
      },
      "type": "Feature"
    },
    {
      "geometry": {
        "coordinates": [
          27.989564,
          45.404891
        ],
        "type": "Point"
      },
      "id": "att-0092",
      "properties": {
        "attestation_class": "textual_only",
        "attestation_class_label": "Textual only",
        "confidence": "high",
        "confidence_label": "High",
        "geometry_provenance": "scholarly_reconstruction",
        "id": "att-0092",
        "is_silence": false,
        "language": "und",
        "language_label": "Undetermined",
        "locator": "https://pleiades.stoa.org/places/216727",
        "locator_type": "section",
        "name_normalized": "Barboşi",
        "name_original": "Barboşi",
        "place_id": "plc-pleiades-216727",
        "place_name": "Barboşi",
        "place_type": "fortification",
        "region": "dobrogea",
        "review_state": "normalized",
        "script": "latn",
        "script_label": "Latin",
        "source_date": "snapshot 2026-08-21",
        "source_family": "scholarly_edition",
        "source_id": "src-pleiades-gazetteer",
        "source_title": "Pleiades Published Places",
        "source_year_from": 2026,
        "source_year_to": 2026,
        "trench": "ccd-a",
        "valid_from": 2026,
        "valid_to": 9999
      },
      "type": "Feature"
    },
    {
      "geometry": {
        "coordinates": [
          24.766533,
          46.866293
        ],
        "type": "Point"
      },
      "id": "att-0093",
      "properties": {
        "attestation_class": "textual_only",
        "attestation_class_label": "Textual only",
        "confidence": "high",
        "confidence_label": "High",
        "geometry_provenance": "scholarly_reconstruction",
        "id": "att-0093",
        "is_silence": false,
        "language": "und",
        "language_label": "Undetermined",
        "locator": "https://pleiades.stoa.org/places/216737",
        "locator_type": "section",
        "name_normalized": "Brîncoveneşti",
        "name_original": "Brîncoveneşti",
        "place_id": "plc-pleiades-216737",
        "place_name": "Brîncoveneşti",
        "place_type": "fortification",
        "region": "transylvania",
        "review_state": "normalized",
        "script": "latn",
        "script_label": "Latin",
        "source_date": "snapshot 2026-08-21",
        "source_family": "scholarly_edition",
        "source_id": "src-pleiades-gazetteer",
        "source_title": "Pleiades Published Places",
        "source_year_from": 2026,
        "source_year_to": 2026,
        "trench": "ccd-a",
        "valid_from": 2026,
        "valid_to": 9999
      },
      "type": "Feature"
    },
    {
      "geometry": {
        "coordinates": [
          27.431237,
          44.098073
        ],
        "type": "Point"
      },
      "id": "att-0094",
      "properties": {
        "attestation_class": "textual_only",
        "attestation_class_label": "Textual only",
        "confidence": "high",
        "confidence_label": "High",
        "geometry_provenance": "scholarly_reconstruction",
        "id": "att-0094",
        "is_silence": false,
        "language": "und",
        "language_label": "Undetermined",
        "locator": "https://pleiades.stoa.org/places/216740",
        "locator_type": "section",
        "name_normalized": "Bugeac",
        "name_original": "Bugeac",
        "place_id": "plc-pleiades-216740",
        "place_name": "Bugeac",
        "place_type": "fortification",
        "region": "dobrogea",
        "review_state": "normalized",
        "script": "latn",
        "script_label": "Latin",
        "source_date": "snapshot 2026-08-21",
        "source_family": "scholarly_edition",
        "source_id": "src-pleiades-gazetteer",
        "source_title": "Pleiades Published Places",
        "source_year_from": 2026,
        "source_year_to": 2026,
        "trench": "ccd-a",
        "valid_from": 2026,
        "valid_to": 9999
      },
      "type": "Feature"
    },
    {
      "geometry": {
        "coordinates": [
          24.877312,
          46.628977
        ],
        "type": "Point"
      },
      "id": "att-0095",
      "properties": {
        "attestation_class": "textual_only",
        "attestation_class_label": "Textual only",
        "confidence": "high",
        "confidence_label": "High",
        "geometry_provenance": "scholarly_reconstruction",
        "id": "att-0095",
        "is_silence": false,
        "language": "und",
        "language_label": "Undetermined",
        "locator": "https://pleiades.stoa.org/places/216745",
        "locator_type": "section",
        "name_normalized": "Călugăreni",
        "name_original": "Călugăreni",
        "place_id": "plc-pleiades-216745",
        "place_name": "Călugăreni",
        "place_type": "fortification",
        "region": "transylvania",
        "review_state": "normalized",
        "script": "latn",
        "script_label": "Latin",
        "source_date": "snapshot 2026-08-21",
        "source_family": "scholarly_edition",
        "source_id": "src-pleiades-gazetteer",
        "source_title": "Pleiades Published Places",
        "source_year_from": 2026,
        "source_year_to": 2026,
        "trench": "ccd-a",
        "valid_from": 2026,
        "valid_to": 9999
      },
      "type": "Feature"
    },
    {
      "geometry": {
        "coordinates": [
          24.37711,
          45.20912
        ],
        "type": "Point"
      },
      "id": "att-0096",
      "properties": {
        "attestation_class": "textual_only",
        "attestation_class_label": "Textual only",
        "confidence": "high",
        "confidence_label": "High",
        "geometry_provenance": "scholarly_reconstruction",
        "id": "att-0096",
        "is_silence": false,
        "language": "und",
        "language_label": "Undetermined",
        "locator": "https://pleiades.stoa.org/places/216755",
        "locator_type": "section",
        "name_normalized": "Castra Traiana",
        "name_original": "Castra Traiana",
        "place_id": "plc-pleiades-216755",
        "place_name": "Castra Traiana",
        "place_type": "fortification",
        "region": "oltenia",
        "review_state": "normalized",
        "script": "latn",
        "script_label": "Latin",
        "source_date": "snapshot 2026-08-21",
        "source_family": "scholarly_edition",
        "source_id": "src-pleiades-gazetteer",
        "source_title": "Pleiades Published Places",
        "source_year_from": 2026,
        "source_year_to": 2026,
        "trench": "ccd-a",
        "valid_from": 2026,
        "valid_to": 9999
      },
      "type": "Feature"
    },
    {
      "geometry": {
        "coordinates": [
          24.833187,
          45.837593
        ],
        "type": "Point"
      },
      "id": "att-0097",
      "properties": {
        "attestation_class": "textual_only",
        "attestation_class_label": "Textual only",
        "confidence": "high",
        "confidence_label": "High",
        "geometry_provenance": "scholarly_reconstruction",
        "id": "att-0097",
        "is_silence": false,
        "language": "und",
        "language_label": "Undetermined",
        "locator": "https://pleiades.stoa.org/places/216771",
        "locator_type": "section",
        "name_normalized": "Cincşor",
        "name_original": "Cincşor",
        "place_id": "plc-pleiades-216771",
        "place_name": "Cincşor",
        "place_type": "fortification",
        "region": "transylvania",
        "review_state": "normalized",
        "script": "latn",
        "script_label": "Latin",
        "source_date": "snapshot 2026-08-21",
        "source_family": "scholarly_edition",
        "source_id": "src-pleiades-gazetteer",
        "source_title": "Pleiades Published Places",
        "source_year_from": 2026,
        "source_year_to": 2026,
        "trench": "ccd-a",
        "valid_from": 2026,
        "valid_to": 9999
      },
      "type": "Feature"
    },
    {
      "geometry": {
        "coordinates": [
          26.263876,
          45.448538
        ],
        "type": "Point"
      },
      "id": "att-0098",
      "properties": {
        "attestation_class": "textual_only",
        "attestation_class_label": "Textual only",
        "confidence": "high",
        "confidence_label": "High",
        "geometry_provenance": "scholarly_reconstruction",
        "id": "att-0098",
        "is_silence": false,
        "language": "und",
        "language_label": "Undetermined",
        "locator": "https://pleiades.stoa.org/places/216772",
        "locator_type": "section",
        "name_normalized": "Cîrlomăneşti",
        "name_original": "Cîrlomăneşti",
        "place_id": "plc-pleiades-216772",
        "place_name": "Cîrlomăneşti",
        "place_type": "fortification",
        "region": "muntenia",
        "review_state": "normalized",
        "script": "latn",
        "script_label": "Latin",
        "source_date": "snapshot 2026-08-21",
        "source_family": "scholarly_edition",
        "source_id": "src-pleiades-gazetteer",
        "source_title": "Pleiades Published Places",
        "source_year_from": 2026,
        "source_year_to": 2026,
        "trench": "ccd-a",
        "valid_from": 2026,
        "valid_to": 9999
      },
      "type": "Feature"
    },
    {
      "geometry": {
        "coordinates": [
          27.999023,
          44.278893
        ],
        "type": "Point"
      },
      "id": "att-0099",
      "properties": {
        "attestation_class": "textual_only",
        "attestation_class_label": "Textual only",
        "confidence": "high",
        "confidence_label": "High",
        "geometry_provenance": "scholarly_reconstruction",
        "id": "att-0099",
        "is_silence": false,
        "language": "und",
        "language_label": "Undetermined",
        "locator": "https://pleiades.stoa.org/places/216773",
        "locator_type": "section",
        "name_normalized": "Cochirleni",
        "name_original": "Cochirleni",
        "place_id": "plc-pleiades-216773",
        "place_name": "Cochirleni",
        "place_type": "fortification",
        "region": "dobrogea",
        "review_state": "normalized",
        "script": "latn",
        "script_label": "Latin",
        "source_date": "snapshot 2026-08-21",
        "source_family": "scholarly_edition",
        "source_id": "src-pleiades-gazetteer",
        "source_title": "Pleiades Published Places",
        "source_year_from": 2026,
        "source_year_to": 2026,
        "trench": "ccd-a",
        "valid_from": 2026,
        "valid_to": 9999
      },
      "type": "Feature"
    },
    {
      "geometry": {
        "coordinates": [
          24.483571,
          46.499981
        ],
        "type": "Point"
      },
      "id": "att-0100",
      "properties": {
        "attestation_class": "textual_only",
        "attestation_class_label": "Textual only",
        "confidence": "high",
        "confidence_label": "High",
        "geometry_provenance": "scholarly_reconstruction",
        "id": "att-0100",
        "is_silence": false,
        "language": "und",
        "language_label": "Undetermined",
        "locator": "https://pleiades.stoa.org/places/216779",
        "locator_type": "section",
        "name_normalized": "Cristeşti",
        "name_original": "Cristeşti",
        "place_id": "plc-pleiades-216779",
        "place_name": "Cristeşti",
        "place_type": "fortification",
        "region": "transylvania",
        "review_state": "normalized",
        "script": "latn",
        "script_label": "Latin",
        "source_date": "snapshot 2026-08-21",
        "source_family": "scholarly_edition",
        "source_id": "src-pleiades-gazetteer",
        "source_title": "Pleiades Published Places",
        "source_year_from": 2026,
        "source_year_to": 2026,
        "trench": "ccd-a",
        "valid_from": 2026,
        "valid_to": 9999
      },
      "type": "Feature"
    },
    {
      "geometry": {
        "coordinates": [
          24.743846,
          44.303527
        ],
        "type": "Point"
      },
      "id": "att-0101",
      "properties": {
        "attestation_class": "textual_only",
        "attestation_class_label": "Textual only",
        "confidence": "high",
        "confidence_label": "High",
        "geometry_provenance": "scholarly_reconstruction",
        "id": "att-0101",
        "is_silence": false,
        "language": "und",
        "language_label": "Undetermined",
        "locator": "https://pleiades.stoa.org/places/216780",
        "locator_type": "section",
        "name_normalized": "Crîmpoaia/Ghioca",
        "name_original": "Crîmpoaia/Ghioca",
        "place_id": "plc-pleiades-216780",
        "place_name": "Crîmpoaia/Ghioca",
        "place_type": "fortification",
        "region": "muntenia",
        "review_state": "normalized",
        "script": "latn",
        "script_label": "Latin",
        "source_date": "snapshot 2026-08-21",
        "source_family": "scholarly_edition",
        "source_id": "src-pleiades-gazetteer",
        "source_title": "Pleiades Published Places",
        "source_year_from": 2026,
        "source_year_to": 2026,
        "trench": "ccd-a",
        "valid_from": 2026,
        "valid_to": 9999
      },
      "type": "Feature"
    },
    {
      "geometry": {
        "coordinates": [
          25.59156,
          45.816418
        ],
        "type": "Point"
      },
      "id": "att-0102",
      "properties": {
        "attestation_class": "textual_only",
        "attestation_class_label": "Textual only",
        "confidence": "high",
        "confidence_label": "High",
        "geometry_provenance": "scholarly_reconstruction",
        "id": "att-0102",
        "is_silence": false,
        "language": "und",
        "language_label": "Undetermined",
        "locator": "https://pleiades.stoa.org/places/216809",
        "locator_type": "section",
        "name_normalized": "Feldioara",
        "name_original": "Feldioara",
        "place_id": "plc-pleiades-216809",
        "place_name": "Feldioara",
        "place_type": "fortification",
        "region": "transylvania",
        "review_state": "normalized",
        "script": "latn",
        "script_label": "Latin",
        "source_date": "snapshot 2026-08-21",
        "source_family": "scholarly_edition",
        "source_id": "src-pleiades-gazetteer",
        "source_title": "Pleiades Published Places",
        "source_year_from": 2026,
        "source_year_to": 2026,
        "trench": "ccd-a",
        "valid_from": 2026,
        "valid_to": 9999
      },
      "type": "Feature"
    },
    {
      "geometry": {
        "coordinates": [
          24.760404,
          44.612155
        ],
        "type": "Point"
      },
      "id": "att-0103",
      "properties": {
        "attestation_class": "textual_only",
        "attestation_class_label": "Textual only",
        "confidence": "high",
        "confidence_label": "High",
        "geometry_provenance": "scholarly_reconstruction",
        "id": "att-0103",
        "is_silence": false,
        "language": "und",
        "language_label": "Undetermined",
        "locator": "https://pleiades.stoa.org/places/216810",
        "locator_type": "section",
        "name_normalized": "Fîlfani",
        "name_original": "Fîlfani",
        "place_id": "plc-pleiades-216810",
        "place_name": "Fîlfani",
        "place_type": "fortification",
        "region": "muntenia",
        "review_state": "normalized",
        "script": "latn",
        "script_label": "Latin",
        "source_date": "snapshot 2026-08-21",
        "source_family": "scholarly_edition",
        "source_id": "src-pleiades-gazetteer",
        "source_title": "Pleiades Published Places",
        "source_year_from": 2026,
        "source_year_to": 2026,
        "trench": "ccd-a",
        "valid_from": 2026,
        "valid_to": 9999
      },
      "type": "Feature"
    },
    {
      "geometry": {
        "coordinates": [
          25.300011,
          45.983366
        ],
        "type": "Point"
      },
      "id": "att-0104",
      "properties": {
        "attestation_class": "textual_only",
        "attestation_class_label": "Textual only",
        "confidence": "high",
        "confidence_label": "High",
        "geometry_provenance": "scholarly_reconstruction",
        "id": "att-0104",
        "is_silence": false,
        "language": "und",
        "language_label": "Undetermined",
        "locator": "https://pleiades.stoa.org/places/216840",
        "locator_type": "section",
        "name_normalized": "Hoghiz",
        "name_original": "Hoghiz",
        "place_id": "plc-pleiades-216840",
        "place_name": "Hoghiz",
        "place_type": "fortification",
        "region": "transylvania",
        "review_state": "normalized",
        "script": "latn",
        "script_label": "Latin",
        "source_date": "snapshot 2026-08-21",
        "source_family": "scholarly_edition",
        "source_id": "src-pleiades-gazetteer",
        "source_title": "Pleiades Published Places",
        "source_year_from": 2026,
        "source_year_to": 2026,
        "trench": "ccd-a",
        "valid_from": 2026,
        "valid_to": 9999
      },
      "type": "Feature"
    },
    {
      "geometry": {
        "coordinates": [
          25.111639,
          46.431143
        ],
        "type": "Point"
      },
      "id": "att-0105",
      "properties": {
        "attestation_class": "textual_only",
        "attestation_class_label": "Textual only",
        "confidence": "high",
        "confidence_label": "High",
        "geometry_provenance": "scholarly_reconstruction",
        "id": "att-0105",
        "is_silence": false,
        "language": "und",
        "language_label": "Undetermined",
        "locator": "https://pleiades.stoa.org/places/216851",
        "locator_type": "section",
        "name_normalized": "Inlăceni",
        "name_original": "Inlăceni",
        "place_id": "plc-pleiades-216851",
        "place_name": "Inlăceni",
        "place_type": "fortification",
        "region": "transylvania",
        "review_state": "normalized",
        "script": "latn",
        "script_label": "Latin",
        "source_date": "snapshot 2026-08-21",
        "source_family": "scholarly_edition",
        "source_id": "src-pleiades-gazetteer",
        "source_title": "Pleiades Published Places",
        "source_year_from": 2026,
        "source_year_to": 2026,
        "trench": "ccd-a",
        "valid_from": 2026,
        "valid_to": 9999
      },
      "type": "Feature"
    },
    {
      "geometry": {
        "coordinates": [
          28.836376,
          45.351691
        ],
        "type": "Point"
      },
      "id": "att-0106",
      "properties": {
        "attestation_class": "textual_only",
        "attestation_class_label": "Textual only",
        "confidence": "high",
        "confidence_label": "High",
        "geometry_provenance": "scholarly_reconstruction",
        "id": "att-0106",
        "is_silence": false,
        "language": "und",
        "language_label": "Undetermined",
        "locator": "https://pleiades.stoa.org/places/216852",
        "locator_type": "section",
        "name_normalized": "Ismail",
        "name_original": "Ismail",
        "place_id": "plc-pleiades-216852",
        "place_name": "Ismail",
        "place_type": "fortification",
        "region": "dobrogea",
        "review_state": "normalized",
        "script": "latn",
        "script_label": "Latin",
        "source_date": "snapshot 2026-08-21",
        "source_family": "scholarly_edition",
        "source_id": "src-pleiades-gazetteer",
        "source_title": "Pleiades Published Places",
        "source_year_from": 2026,
        "source_year_to": 2026,
        "trench": "ccd-a",
        "valid_from": 2026,
        "valid_to": 9999
      },
      "type": "Feature"
    },
    {
      "geometry": {
        "coordinates": [
          24.750056,
          43.733337
        ],
        "type": "Point"
      },
      "id": "att-0107",
      "properties": {
        "attestation_class": "textual_only",
        "attestation_class_label": "Textual only",
        "confidence": "high",
        "confidence_label": "High",
        "geometry_provenance": "scholarly_reconstruction",
        "id": "att-0107",
        "is_silence": false,
        "language": "und",
        "language_label": "Undetermined",
        "locator": "https://pleiades.stoa.org/places/216854",
        "locator_type": "section",
        "name_normalized": "Izlaz",
        "name_original": "Izlaz",
        "place_id": "plc-pleiades-216854",
        "place_name": "Izlaz",
        "place_type": "fortification",
        "region": "muntenia",
        "review_state": "normalized",
        "script": "latn",
        "script_label": "Latin",
        "source_date": "snapshot 2026-08-21",
        "source_family": "scholarly_edition",
        "source_id": "src-pleiades-gazetteer",
        "source_title": "Pleiades Published Places",
        "source_year_from": 2026,
        "source_year_to": 2026,
        "trench": "ccd-a",
        "valid_from": 2026,
        "valid_to": 9999
      },
      "type": "Feature"
    },
    {
      "geometry": {
        "coordinates": [
          26.000146,
          45.127822
        ],
        "type": "Point"
      },
      "id": "att-0108",
      "properties": {
        "attestation_class": "textual_only",
        "attestation_class_label": "Textual only",
        "confidence": "high",
        "confidence_label": "High",
        "geometry_provenance": "scholarly_reconstruction",
        "id": "att-0108",
        "is_silence": false,
        "language": "und",
        "language_label": "Undetermined",
        "locator": "https://pleiades.stoa.org/places/216875",
        "locator_type": "section",
        "name_normalized": "Mălăieşti",
        "name_original": "Mălăieşti",
        "place_id": "plc-pleiades-216875",
        "place_name": "Mălăieşti",
        "place_type": "fortification",
        "region": "muntenia",
        "review_state": "normalized",
        "script": "latn",
        "script_label": "Latin",
        "source_date": "snapshot 2026-08-21",
        "source_family": "scholarly_edition",
        "source_id": "src-pleiades-gazetteer",
        "source_title": "Pleiades Published Places",
        "source_year_from": 2026,
        "source_year_to": 2026,
        "trench": "ccd-a",
        "valid_from": 2026,
        "valid_to": 9999
      },
      "type": "Feature"
    },
    {
      "geometry": {
        "coordinates": [
          25.301186,
          46.313132
        ],
        "type": "Point"
      },
      "id": "att-0109",
      "properties": {
        "attestation_class": "textual_only",
        "attestation_class_label": "Textual only",
        "confidence": "high",
        "confidence_label": "High",
        "geometry_provenance": "scholarly_reconstruction",
        "id": "att-0109",
        "is_silence": false,
        "language": "und",
        "language_label": "Undetermined",
        "locator": "https://pleiades.stoa.org/places/216905",
        "locator_type": "section",
        "name_normalized": "Odorheiu Secuiesc",
        "name_original": "Odorheiu Secuiesc",
        "place_id": "plc-pleiades-216905",
        "place_name": "Odorheiu Secuiesc",
        "place_type": "fortification",
        "region": "transylvania",
        "review_state": "normalized",
        "script": "latn",
        "script_label": "Latin",
        "source_date": "snapshot 2026-08-21",
        "source_family": "scholarly_edition",
        "source_id": "src-pleiades-gazetteer",
        "source_title": "Pleiades Published Places",
        "source_year_from": 2026,
        "source_year_to": 2026,
        "trench": "ccd-a",
        "valid_from": 2026,
        "valid_to": 9999
      },
      "type": "Feature"
    },
    {
      "geometry": {
        "coordinates": [
          25.848815,
          45.974122
        ],
        "type": "Point"
      },
      "id": "att-0110",
      "properties": {
        "attestation_class": "textual_only",
        "attestation_class_label": "Textual only",
        "confidence": "high",
        "confidence_label": "High",
        "geometry_provenance": "scholarly_reconstruction",
        "id": "att-0110",
        "is_silence": false,
        "language": "und",
        "language_label": "Undetermined",
        "locator": "https://pleiades.stoa.org/places/216910",
        "locator_type": "section",
        "name_normalized": "Olteni",
        "name_original": "Olteni",
        "place_id": "plc-pleiades-216910",
        "place_name": "Olteni",
        "place_type": "fortification",
        "region": "transylvania",
        "review_state": "normalized",
        "script": "latn",
        "script_label": "Latin",
        "source_date": "snapshot 2026-08-21",
        "source_family": "scholarly_edition",
        "source_id": "src-pleiades-gazetteer",
        "source_title": "Pleiades Published Places",
        "source_year_from": 2026,
        "source_year_to": 2026,
        "trench": "ccd-a",
        "valid_from": 2026,
        "valid_to": 9999
      },
      "type": "Feature"
    },
    {
      "geometry": {
        "coordinates": [
          28.151245,
          45.016653
        ],
        "type": "Point"
      },
      "id": "att-0111",
      "properties": {
        "attestation_class": "textual_only",
        "attestation_class_label": "Textual only",
        "confidence": "high",
        "confidence_label": "High",
        "geometry_provenance": "scholarly_reconstruction",
        "id": "att-0111",
        "is_silence": false,
        "language": "und",
        "language_label": "Undetermined",
        "locator": "https://pleiades.stoa.org/places/216923",
        "locator_type": "section",
        "name_normalized": "Peceneaga",
        "name_original": "Peceneaga",
        "place_id": "plc-pleiades-216923",
        "place_name": "Peceneaga",
        "place_type": "fortification",
        "region": "dobrogea",
        "review_state": "normalized",
        "script": "latn",
        "script_label": "Latin",
        "source_date": "snapshot 2026-08-21",
        "source_family": "scholarly_edition",
        "source_id": "src-pleiades-gazetteer",
        "source_title": "Pleiades Published Places",
        "source_year_from": 2026,
        "source_year_to": 2026,
        "trench": "ccd-a",
        "valid_from": 2026,
        "valid_to": 9999
      },
      "type": "Feature"
    },
    {
      "geometry": {
        "coordinates": [
          26.566816,
          45.100082
        ],
        "type": "Point"
      },
      "id": "att-0112",
      "properties": {
        "attestation_class": "textual_only",
        "attestation_class_label": "Textual only",
        "confidence": "high",
        "confidence_label": "High",
        "geometry_provenance": "scholarly_reconstruction",
        "id": "att-0112",
        "is_silence": false,
        "language": "und",
        "language_label": "Undetermined",
        "locator": "https://pleiades.stoa.org/places/216929",
        "locator_type": "section",
        "name_normalized": "Pietroasa de Jos",
        "name_original": "Pietroasa de Jos",
        "place_id": "plc-pleiades-216929",
        "place_name": "Pietroasa de Jos",
        "place_type": "fortification",
        "region": "muntenia",
        "review_state": "normalized",
        "script": "latn",
        "script_label": "Latin",
        "source_date": "snapshot 2026-08-21",
        "source_family": "scholarly_edition",
        "source_id": "src-pleiades-gazetteer",
        "source_title": "Pleiades Published Places",
        "source_year_from": 2026,
        "source_year_to": 2026,
        "trench": "ccd-a",
        "valid_from": 2026,
        "valid_to": 9999
      },
      "type": "Feature"
    },
    {
      "geometry": {
        "coordinates": [
          27.250009,
          45.983326
        ],
        "type": "Point"
      },
      "id": "att-0113",
      "properties": {
        "attestation_class": "textual_only",
        "attestation_class_label": "Textual only",
        "confidence": "high",
        "confidence_label": "High",
        "geometry_provenance": "scholarly_reconstruction",
        "id": "att-0113",
        "is_silence": false,
        "language": "und",
        "language_label": "Undetermined",
        "locator": "https://pleiades.stoa.org/places/216932",
        "locator_type": "section",
        "name_normalized": "Piroboridava",
        "name_original": "Piroboridava",
        "place_id": "plc-pleiades-216932",
        "place_name": "Piroboridava",
        "place_type": "fortification",
        "region": "moldavia",
        "review_state": "normalized",
        "script": "latn",
        "script_label": "Latin",
        "source_date": "snapshot 2026-08-21",
        "source_family": "scholarly_edition",
        "source_id": "src-pleiades-gazetteer",
        "source_title": "Pleiades Published Places",
        "source_year_from": 2026,
        "source_year_to": 2026,
        "trench": "ccd-a",
        "valid_from": 2026,
        "valid_to": 9999
      },
      "type": "Feature"
    },
    {
      "geometry": {
        "coordinates": [
          26.859816,
          44.598518
        ],
        "type": "Point"
      },
      "id": "att-0114",
      "properties": {
        "attestation_class": "textual_only",
        "attestation_class_label": "Textual only",
        "confidence": "high",
        "confidence_label": "High",
        "geometry_provenance": "scholarly_reconstruction",
        "id": "att-0114",
        "is_silence": false,
        "language": "und",
        "language_label": "Undetermined",
        "locator": "https://pleiades.stoa.org/places/216933",
        "locator_type": "section",
        "name_normalized": "Piscul Crăsanilor",
        "name_original": "Piscul Crăsanilor",
        "place_id": "plc-pleiades-216933",
        "place_name": "Piscul Crăsanilor",
        "place_type": "fortification",
        "region": "muntenia",
        "review_state": "normalized",
        "script": "latn",
        "script_label": "Latin",
        "source_date": "snapshot 2026-08-21",
        "source_family": "scholarly_edition",
        "source_id": "src-pleiades-gazetteer",
        "source_title": "Pleiades Published Places",
        "source_year_from": 2026,
        "source_year_to": 2026,
        "trench": "ccd-a",
        "valid_from": 2026,
        "valid_to": 9999
      },
      "type": "Feature"
    },
    {
      "geometry": {
        "coordinates": [
          27.836498,
          44.72711
        ],
        "type": "Point"
      },
      "id": "att-0115",
      "properties": {
        "attestation_class": "textual_only",
        "attestation_class_label": "Textual only",
        "confidence": "high",
        "confidence_label": "High",
        "geometry_provenance": "scholarly_reconstruction",
        "id": "att-0115",
        "is_silence": false,
        "language": "und",
        "language_label": "Undetermined",
        "locator": "https://pleiades.stoa.org/places/216934",
        "locator_type": "section",
        "name_normalized": "Piua Pietrei",
        "name_original": "Piua Pietrei",
        "place_id": "plc-pleiades-216934",
        "place_name": "Piua Pietrei",
        "place_type": "fortification",
        "region": "dobrogea",
        "review_state": "normalized",
        "script": "latn",
        "script_label": "Latin",
        "source_date": "snapshot 2026-08-21",
        "source_family": "scholarly_edition",
        "source_id": "src-pleiades-gazetteer",
        "source_title": "Pleiades Published Places",
        "source_year_from": 2026,
        "source_year_to": 2026,
        "trench": "ccd-a",
        "valid_from": 2026,
        "valid_to": 9999
      },
      "type": "Feature"
    },
    {
      "geometry": {
        "coordinates": [
          24.236029,
          44.870116
        ],
        "type": "Point"
      },
      "id": "att-0116",
      "properties": {
        "attestation_class": "textual_only",
        "attestation_class_label": "Textual only",
        "confidence": "high",
        "confidence_label": "High",
        "geometry_provenance": "scholarly_reconstruction",
        "id": "att-0116",
        "is_silence": false,
        "language": "und",
        "language_label": "Undetermined",
        "locator": "https://pleiades.stoa.org/places/216937",
        "locator_type": "section",
        "name_normalized": "Pons Aluti",
        "name_original": "Pons Aluti",
        "place_id": "plc-pleiades-216937",
        "place_name": "Pons Aluti",
        "place_type": "fortification",
        "region": "oltenia",
        "review_state": "normalized",
        "script": "latn",
        "script_label": "Latin",
        "source_date": "snapshot 2026-08-21",
        "source_family": "scholarly_edition",
        "source_id": "src-pleiades-gazetteer",
        "source_title": "Pleiades Published Places",
        "source_year_from": 2026,
        "source_year_to": 2026,
        "trench": "ccd-a",
        "valid_from": 2026,
        "valid_to": 9999
      },
      "type": "Feature"
    },
    {
      "geometry": {
        "coordinates": [
          24.306532,
          45.502862
        ],
        "type": "Point"
      },
      "id": "att-0117",
      "properties": {
        "attestation_class": "textual_only",
        "attestation_class_label": "Textual only",
        "confidence": "high",
        "confidence_label": "High",
        "geometry_provenance": "scholarly_reconstruction",
        "id": "att-0117",
        "is_silence": false,
        "language": "und",
        "language_label": "Undetermined",
        "locator": "https://pleiades.stoa.org/places/216939",
        "locator_type": "section",
        "name_normalized": "Pons Vetus",
        "name_original": "Pons Vetus",
        "place_id": "plc-pleiades-216939",
        "place_name": "Pons Vetus",
        "place_type": "fortification",
        "region": "transylvania",
        "review_state": "normalized",
        "script": "latn",
        "script_label": "Latin",
        "source_date": "snapshot 2026-08-21",
        "source_family": "scholarly_edition",
        "source_id": "src-pleiades-gazetteer",
        "source_title": "Pleiades Published Places",
        "source_year_from": 2026,
        "source_year_to": 2026,
        "trench": "ccd-a",
        "valid_from": 2026,
        "valid_to": 9999
      },
      "type": "Feature"
    },
    {
      "geometry": {
        "coordinates": [
          26.399809,
          44.303015
        ],
        "type": "Point"
      },
      "id": "att-0118",
      "properties": {
        "attestation_class": "textual_only",
        "attestation_class_label": "Textual only",
        "confidence": "high",
        "confidence_label": "High",
        "geometry_provenance": "scholarly_reconstruction",
        "id": "att-0118",
        "is_silence": false,
        "language": "und",
        "language_label": "Undetermined",
        "locator": "https://pleiades.stoa.org/places/216941",
        "locator_type": "section",
        "name_normalized": "Popeşti",
        "name_original": "Popeşti",
        "place_id": "plc-pleiades-216941",
        "place_name": "Popeşti",
        "place_type": "fortification",
        "region": "muntenia",
        "review_state": "normalized",
        "script": "latn",
        "script_label": "Latin",
        "source_date": "snapshot 2026-08-21",
        "source_family": "scholarly_edition",
        "source_id": "src-pleiades-gazetteer",
        "source_title": "Pleiades Published Places",
        "source_year_from": 2026,
        "source_year_to": 2026,
        "trench": "ccd-a",
        "valid_from": 2026,
        "valid_to": 9999
      },
      "type": "Feature"
    },
    {
      "geometry": {
        "coordinates": [
          24.303477,
          45.41776
        ],
        "type": "Point"
      },
      "id": "att-0119",
      "properties": {
        "attestation_class": "textual_only",
        "attestation_class_label": "Textual only",
        "confidence": "high",
        "confidence_label": "High",
        "geometry_provenance": "scholarly_reconstruction",
        "id": "att-0119",
        "is_silence": false,
        "language": "und",
        "language_label": "Undetermined",
        "locator": "https://pleiades.stoa.org/places/216943",
        "locator_type": "section",
        "name_normalized": "Praetorium",
        "name_original": "Praetorium",
        "place_id": "plc-pleiades-216943",
        "place_name": "Praetorium",
        "place_type": "fortification",
        "region": "oltenia",
        "review_state": "normalized",
        "script": "latn",
        "script_label": "Latin",
        "source_date": "snapshot 2026-08-21",
        "source_family": "scholarly_edition",
        "source_id": "src-pleiades-gazetteer",
        "source_title": "Pleiades Published Places",
        "source_year_from": 2026,
        "source_year_to": 2026,
        "trench": "ccd-a",
        "valid_from": 2026,
        "valid_to": 9999
      },
      "type": "Feature"
    },
    {
      "geometry": {
        "coordinates": [
          24.529044,
          44.081925
        ],
        "type": "Point"
      },
      "id": "att-0120",
      "properties": {
        "attestation_class": "textual_only",
        "attestation_class_label": "Textual only",
        "confidence": "high",
        "confidence_label": "High",
        "geometry_provenance": "scholarly_reconstruction",
        "id": "att-0120",
        "is_silence": false,
        "language": "und",
        "language_label": "Undetermined",
        "locator": "https://pleiades.stoa.org/places/216987",
        "locator_type": "section",
        "name_normalized": "Slăveni Roman Fort",
        "name_original": "Slăveni Roman Fort",
        "place_id": "plc-pleiades-216987",
        "place_name": "Slăveni Roman Fort",
        "place_type": "fortification",
        "region": "muntenia",
        "review_state": "normalized",
        "script": "latn",
        "script_label": "Latin",
        "source_date": "snapshot 2026-08-21",
        "source_family": "scholarly_edition",
        "source_id": "src-pleiades-gazetteer",
        "source_title": "Pleiades Published Places",
        "source_year_from": 2026,
        "source_year_to": 2026,
        "trench": "ccd-a",
        "valid_from": 2026,
        "valid_to": 9999
      },
      "type": "Feature"
    },
    {
      "geometry": {
        "coordinates": [
          28.916885,
          45.149867
        ],
        "type": "Point"
      },
      "id": "att-0121",
      "properties": {
        "attestation_class": "textual_only",
        "attestation_class_label": "Textual only",
        "confidence": "high",
        "confidence_label": "High",
        "geometry_provenance": "scholarly_reconstruction",
        "id": "att-0121",
        "is_silence": false,
        "language": "und",
        "language_label": "Undetermined",
        "locator": "https://pleiades.stoa.org/places/217007",
        "locator_type": "section",
        "name_normalized": "Thalamonium",
        "name_original": "Thalamonium",
        "place_id": "plc-pleiades-217007",
        "place_name": "Thalamonium",
        "place_type": "fortification",
        "region": "dobrogea",
        "review_state": "normalized",
        "script": "latn",
        "script_label": "Latin",
        "source_date": "snapshot 2026-08-21",
        "source_family": "scholarly_edition",
        "source_id": "src-pleiades-gazetteer",
        "source_title": "Pleiades Published Places",
        "source_year_from": 2026,
        "source_year_to": 2026,
        "trench": "ccd-a",
        "valid_from": 2026,
        "valid_to": 9999
      },
      "type": "Feature"
    },
    {
      "geometry": {
        "coordinates": [
          28.04476,
          44.544546
        ],
        "type": "Point"
      },
      "id": "att-0122",
      "properties": {
        "attestation_class": "textual_only",
        "attestation_class_label": "Textual only",
        "confidence": "high",
        "confidence_label": "High",
        "geometry_provenance": "scholarly_reconstruction",
        "id": "att-0122",
        "is_silence": false,
        "language": "und",
        "language_label": "Undetermined",
        "locator": "https://pleiades.stoa.org/places/217018",
        "locator_type": "section",
        "name_normalized": "Topalu",
        "name_original": "Topalu",
        "place_id": "plc-pleiades-217018",
        "place_name": "Topalu",
        "place_type": "fortification",
        "region": "dobrogea",
        "review_state": "normalized",
        "script": "latn",
        "script_label": "Latin",
        "source_date": "snapshot 2026-08-21",
        "source_family": "scholarly_edition",
        "source_id": "src-pleiades-gazetteer",
        "source_title": "Pleiades Published Places",
        "source_year_from": 2026,
        "source_year_to": 2026,
        "trench": "ccd-a",
        "valid_from": 2026,
        "valid_to": 9999
      },
      "type": "Feature"
    },
    {
      "geometry": {
        "coordinates": [
          27.943987,
          44.092073
        ],
        "type": "Point"
      },
      "id": "att-0123",
      "properties": {
        "attestation_class": "textual_only",
        "attestation_class_label": "Textual only",
        "confidence": "high",
        "confidence_label": "High",
        "geometry_provenance": "scholarly_reconstruction",
        "id": "att-0123",
        "is_silence": false,
        "language": "und",
        "language_label": "Undetermined",
        "locator": "https://pleiades.stoa.org/places/217027",
        "locator_type": "section",
        "name_normalized": "Tropaeum Traiani (settlement)",
        "name_original": "Tropaeum Traiani (settlement)",
        "place_id": "plc-pleiades-217027",
        "place_name": "Tropaeum Traiani (settlement)",
        "place_type": "settlement",
        "region": "dobrogea",
        "review_state": "normalized",
        "script": "latn",
        "script_label": "Latin",
        "source_date": "snapshot 2026-08-21",
        "source_family": "scholarly_edition",
        "source_id": "src-pleiades-gazetteer",
        "source_title": "Pleiades Published Places",
        "source_year_from": 2026,
        "source_year_to": 2026,
        "trench": "ccd-a",
        "valid_from": 2026,
        "valid_to": 9999
      },
      "type": "Feature"
    },
    {
      "geometry": {
        "coordinates": [
          25.053293,
          43.958529
        ],
        "type": "Point"
      },
      "id": "att-0124",
      "properties": {
        "attestation_class": "textual_only",
        "attestation_class_label": "Textual only",
        "confidence": "high",
        "confidence_label": "High",
        "geometry_provenance": "scholarly_reconstruction",
        "id": "att-0124",
        "is_silence": false,
        "language": "und",
        "language_label": "Undetermined",
        "locator": "https://pleiades.stoa.org/places/217037",
        "locator_type": "section",
        "name_normalized": "Valea Urluii",
        "name_original": "Valea Urluii",
        "place_id": "plc-pleiades-217037",
        "place_name": "Valea Urluii",
        "place_type": "fortification",
        "region": "muntenia",
        "review_state": "normalized",
        "script": "latn",
        "script_label": "Latin",
        "source_date": "snapshot 2026-08-21",
        "source_family": "scholarly_edition",
        "source_id": "src-pleiades-gazetteer",
        "source_title": "Pleiades Published Places",
        "source_year_from": 2026,
        "source_year_to": 2026,
        "trench": "ccd-a",
        "valid_from": 2026,
        "valid_to": 9999
      },
      "type": "Feature"
    },
    {
      "geometry": {
        "coordinates": [
          28.703659,
          44.688795
        ],
        "type": "Point"
      },
      "id": "att-0125",
      "properties": {
        "attestation_class": "textual_only",
        "attestation_class_label": "Textual only",
        "confidence": "high",
        "confidence_label": "High",
        "geometry_provenance": "scholarly_reconstruction",
        "id": "att-0125",
        "is_silence": false,
        "language": "und",
        "language_label": "Undetermined",
        "locator": "https://pleiades.stoa.org/places/217042",
        "locator_type": "section",
        "name_normalized": "Vicus Buteridavensis",
        "name_original": "Vicus Buteridavensis",
        "place_id": "plc-pleiades-217042",
        "place_name": "Vicus Buteridavensis",
        "place_type": "settlement",
        "region": "dobrogea",
        "review_state": "normalized",
        "script": "latn",
        "script_label": "Latin",
        "source_date": "snapshot 2026-08-21",
        "source_family": "scholarly_edition",
        "source_id": "src-pleiades-gazetteer",
        "source_title": "Pleiades Published Places",
        "source_year_from": 2026,
        "source_year_to": 2026,
        "trench": "ccd-a",
        "valid_from": 2026,
        "valid_to": 9999
      },
      "type": "Feature"
    },
    {
      "geometry": {
        "coordinates": [
          28.717477,
          44.891421
        ],
        "type": "Point"
      },
      "id": "att-0126",
      "properties": {
        "attestation_class": "textual_only",
        "attestation_class_label": "Textual only",
        "confidence": "high",
        "confidence_label": "High",
        "geometry_provenance": "scholarly_reconstruction",
        "id": "att-0126",
        "is_silence": false,
        "language": "und",
        "language_label": "Undetermined",
        "locator": "https://pleiades.stoa.org/places/217047",
        "locator_type": "section",
        "name_normalized": "Vicus Novus",
        "name_original": "Vicus Novus",
        "place_id": "plc-pleiades-217047",
        "place_name": "Vicus Novus",
        "place_type": "settlement",
        "region": "dobrogea",
        "review_state": "normalized",
        "script": "latn",
        "script_label": "Latin",
        "source_date": "snapshot 2026-08-21",
        "source_family": "scholarly_edition",
        "source_id": "src-pleiades-gazetteer",
        "source_title": "Pleiades Published Places",
        "source_year_from": 2026,
        "source_year_to": 2026,
        "trench": "ccd-a",
        "valid_from": 2026,
        "valid_to": 9999
      },
      "type": "Feature"
    },
    {
      "geometry": {
        "coordinates": [
          28.605266,
          44.809832
        ],
        "type": "Point"
      },
      "id": "att-0127",
      "properties": {
        "attestation_class": "textual_only",
        "attestation_class_label": "Textual only",
        "confidence": "high",
        "confidence_label": "High",
        "geometry_provenance": "scholarly_reconstruction",
        "id": "att-0127",
        "is_silence": false,
        "language": "und",
        "language_label": "Undetermined",
        "locator": "https://pleiades.stoa.org/places/217048",
        "locator_type": "section",
        "name_normalized": "Vicus Petrus",
        "name_original": "Vicus Petrus",
        "place_id": "plc-pleiades-217048",
        "place_name": "Vicus Petrus",
        "place_type": "settlement",
        "region": "dobrogea",
        "review_state": "normalized",
        "script": "latn",
        "script_label": "Latin",
        "source_date": "snapshot 2026-08-21",
        "source_family": "scholarly_edition",
        "source_id": "src-pleiades-gazetteer",
        "source_title": "Pleiades Published Places",
        "source_year_from": 2026,
        "source_year_to": 2026,
        "trench": "ccd-a",
        "valid_from": 2026,
        "valid_to": 9999
      },
      "type": "Feature"
    },
    {
      "geometry": {
        "coordinates": [
          28.712282,
          44.569999
        ],
        "type": "Point"
      },
      "id": "att-0128",
      "properties": {
        "attestation_class": "textual_only",
        "attestation_class_label": "Textual only",
        "confidence": "high",
        "confidence_label": "High",
        "geometry_provenance": "scholarly_reconstruction",
        "id": "att-0128",
        "is_silence": false,
        "language": "und",
        "language_label": "Undetermined",
        "locator": "https://pleiades.stoa.org/places/217049",
        "locator_type": "section",
        "name_normalized": "Vicus Quintionis",
        "name_original": "Vicus Quintionis",
        "place_id": "plc-pleiades-217049",
        "place_name": "Vicus Quintionis",
        "place_type": "settlement",
        "region": "dobrogea",
        "review_state": "normalized",
        "script": "latn",
        "script_label": "Latin",
        "source_date": "snapshot 2026-08-21",
        "source_family": "scholarly_edition",
        "source_id": "src-pleiades-gazetteer",
        "source_title": "Pleiades Published Places",
        "source_year_from": 2026,
        "source_year_to": 2026,
        "trench": "ccd-a",
        "valid_from": 2026,
        "valid_to": 9999
      },
      "type": "Feature"
    },
    {
      "geometry": {
        "coordinates": [
          23.130985,
          46.306253
        ],
        "type": "Point"
      },
      "id": "att-0129",
      "properties": {
        "attestation_class": "textual_only",
        "attestation_class_label": "Textual only",
        "confidence": "high",
        "confidence_label": "High",
        "geometry_provenance": "scholarly_reconstruction",
        "id": "att-0129",
        "is_silence": false,
        "language": "und",
        "language_label": "Undetermined",
        "locator": "https://pleiades.stoa.org/places/281718504",
        "locator_type": "section",
        "name_normalized": "Alburnus Maior",
        "name_original": "Alburnus Maior",
        "place_id": "plc-pleiades-281718504",
        "place_name": "Alburnus Maior",
        "place_type": "settlement",
        "region": "transylvania",
        "review_state": "normalized",
        "script": "latn",
        "script_label": "Latin",
        "source_date": "snapshot 2026-08-21",
        "source_family": "scholarly_edition",
        "source_id": "src-pleiades-gazetteer",
        "source_title": "Pleiades Published Places",
        "source_year_from": 2026,
        "source_year_to": 2026,
        "trench": "ccd-a",
        "valid_from": 2026,
        "valid_to": 9999
      },
      "type": "Feature"
    },
    {
      "geometry": {
        "coordinates": [
          22.78,
          45.51
        ],
        "type": "Point"
      },
      "id": "att-0130",
      "properties": {
        "attestation_class": "variant",
        "attestation_class_label": "Variant",
        "confidence": "medium",
        "confidence_label": "Medium",
        "geometry_provenance": "editorial_reconstruction",
        "id": "att-0130",
        "is_silence": false,
        "language": "la",
        "language_label": "Latin",
        "locator": "Sheet 10000.093 (plate 42), map face beside Varhel; IIIF region 7300,3450,1900,950",
        "locator_type": "sheet",
        "name_normalized": "Ulpia Traiana Sarmizegetusa",
        "name_original": "Vlpia Traiana Zarmisgetusa",
        "place_id": "plc-ulpia-traiana-sarmizegetusa",
        "place_name": "Colonia Ulpia Traiana Sarmizegetusa",
        "place_type": "archaeological_site",
        "region": "transylvania",
        "review_state": "normalized",
        "script": "latn",
        "script_label": "Latin",
        "source_date": "1570",
        "source_family": "regional_print",
        "source_id": "src-ortelius-theatrum-1570-rumsey",
        "source_title": "Ortelius Theatrum (Rumsey copy)",
        "source_year_from": 1570,
        "source_year_to": 1570,
        "trench": "ccd-a",
        "valid_from": 1570,
        "valid_to": 9999
      },
      "type": "Feature"
    }
  ],
  "type": "FeatureCollection"
}
